discovery.n.04	in_word	discovery
discovery	in_synset	discovery.n.04
infamy.n.01	in_word	infamy
infamy	in_synset	infamy.n.01
deserter.n.02	in_word	deserter
deserter	in_synset	deserter.n.02
fairness.n.01	in_word	fairness
fairness	in_synset	fairness.n.01
footstep.n.03	in_word	footstep
footstep	in_synset	footstep.n.03
adiabatic.a.01	in_word	adiabatic
adiabatic	in_synset	adiabatic.a.01
look_out_on.v.01	in_word	look_out_on
look_out_on	in_synset	look_out_on.v.01
silicone_rubber.n.01	in_word	silicone_rubber
silicone_rubber	in_synset	silicone_rubber.n.01
retroflex.v.01	in_word	retroflex
retroflex	in_synset	retroflex.v.01
repellently.r.01	in_word	repellently
repellently	in_synset	repellently.r.01
buckwheat.n.02	in_word	buckwheat
buckwheat	in_synset	buckwheat.n.02
gym_rat.n.01	in_word	gym_rat
gym_rat	in_synset	gym_rat.n.01
hemispherical.a.01	in_word	hemispherical
hemispherical	in_synset	hemispherical.a.01
geophagy.n.01	in_word	geophagy
geophagy	in_synset	geophagy.n.01
accompany.v.02	in_word	accompany
accompany	in_synset	accompany.v.02
agaric.n.02	in_word	agaric
agaric	in_synset	agaric.n.02
rushlike.s.01	in_word	rushlike
rushlike	in_synset	rushlike.s.01
serger.n.01	in_word	serger
serger	in_synset	serger.n.01
hold_forth.v.01	in_word	hold_forth
hold_forth	in_synset	hold_forth.v.01
mark.n.01	in_word	mark
mark	in_synset	mark.n.01
brail.v.01	in_word	brail
brail	in_synset	brail.v.01
ransom.n.03	in_word	ransom
ransom	in_synset	ransom.n.03
reshuffle.n.02	in_word	reshuffle
reshuffle	in_synset	reshuffle.n.02
sangay.n.01	in_word	sangay
sangay	in_synset	sangay.n.01
chlorococcum.n.01	in_word	chlorococcum
chlorococcum	in_synset	chlorococcum.n.01
regulation.n.05	in_word	regulation
regulation	in_synset	regulation.n.05
uninfected.s.01	in_word	uninfected
uninfected	in_synset	uninfected.s.01
free_time.n.02	in_word	free_time
free_time	in_synset	free_time.n.02
taney.n.01	in_word	taney
taney	in_synset	taney.n.01
spur.n.03	in_word	spur
spur	in_synset	spur.n.03
municipal_note.n.01	in_word	municipal_note
municipal_note	in_synset	municipal_note.n.01
hasdrubal.n.01	in_word	hasdrubal
hasdrubal	in_synset	hasdrubal.n.01
mayetiola.n.01	in_word	mayetiola
mayetiola	in_synset	mayetiola.n.01
vicinity.n.01	in_word	vicinity
vicinity	in_synset	vicinity.n.01
fly_orchid.n.02	in_word	fly_orchid
fly_orchid	in_synset	fly_orchid.n.02
kurdistan.n.02	in_word	kurdistan
kurdistan	in_synset	kurdistan.n.02
carbon_disulfide.n.01	in_word	carbon_disulfide
carbon_disulfide	in_synset	carbon_disulfide.n.01
thamnophilus.n.01	in_word	thamnophilus
thamnophilus	in_synset	thamnophilus.n.01
free.s.09	in_word	free
free	in_synset	free.s.09
clubfooted.s.01	in_word	clubfooted
clubfooted	in_synset	clubfooted.s.01
americana.n.01	in_word	americana
americana	in_synset	americana.n.01
pine-tar_rag.n.01	in_word	pine-tar_rag
pine-tar_rag	in_synset	pine-tar_rag.n.01
peristylar.s.01	in_word	peristylar
peristylar	in_synset	peristylar.s.01
sharp.s.05	in_word	sharp
sharp	in_synset	sharp.s.05
volcanism.n.01	in_word	volcanism
volcanism	in_synset	volcanism.n.01
reprise.v.01	in_word	reprise
reprise	in_synset	reprise.v.01
hostile_takeover.n.01	in_word	hostile_takeover
hostile_takeover	in_synset	hostile_takeover.n.01
write.v.01	in_word	write
write	in_synset	write.v.01
conjugal.a.01	in_word	conjugal
conjugal	in_synset	conjugal.a.01
invigilation.n.01	in_word	invigilation
invigilation	in_synset	invigilation.n.01
mouthbreeder.n.01	in_word	mouthbreeder
mouthbreeder	in_synset	mouthbreeder.n.01
linz.n.01	in_word	linz
linz	in_synset	linz.n.01
hook.v.01	in_word	hook
hook	in_synset	hook.v.01
kongo.n.01	in_word	kongo
kongo	in_synset	kongo.n.01
opera.n.01	in_word	opera
opera	in_synset	opera.n.01
short_ton.n.01	in_word	short_ton
short_ton	in_synset	short_ton.n.01
guard.n.10	in_word	guard
guard	in_synset	guard.n.10
red.n.02	in_word	red
red	in_synset	red.n.02
cucumis.n.01	in_word	cucumis
cucumis	in_synset	cucumis.n.01
synaptic.a.01	in_word	synaptic
synaptic	in_synset	synaptic.a.01
table_rapping.n.01	in_word	table_rapping
table_rapping	in_synset	table_rapping.n.01
stolen_property.n.01	in_word	stolen_property
stolen_property	in_synset	stolen_property.n.01
scorch.v.02	in_word	scorch
scorch	in_synset	scorch.v.02
profanation.n.02	in_word	profanation
profanation	in_synset	profanation.n.02
open.a.02	in_word	open
open	in_synset	open.a.02
testimony.n.02	in_word	testimony
testimony	in_synset	testimony.n.02
freshwater_bream.n.02	in_word	freshwater_bream
freshwater_bream	in_synset	freshwater_bream.n.02
parameter.n.04	in_word	parameter
parameter	in_synset	parameter.n.04
webster.n.01	in_word	webster
webster	in_synset	webster.n.01
confuse.v.05	in_word	confuse
confuse	in_synset	confuse.v.05
finery.n.01	in_word	finery
finery	in_synset	finery.n.01
man-at-arms.n.01	in_word	man-at-arms
man-at-arms	in_synset	man-at-arms.n.01
structure.n.03	in_word	structure
structure	in_synset	structure.n.03
tay.n.01	in_word	tay
tay	in_synset	tay.n.01
scattering.n.01	in_word	scattering
scattering	in_synset	scattering.n.01
plantigrade.a.01	in_word	plantigrade
plantigrade	in_synset	plantigrade.a.01
yeomanry.n.01	in_word	yeomanry
yeomanry	in_synset	yeomanry.n.01
guided_missile_cruiser.n.01	in_word	guided_missile_cruiser
guided_missile_cruiser	in_synset	guided_missile_cruiser.n.01
put_to_sleep.v.01	in_word	put_to_sleep
put_to_sleep	in_synset	put_to_sleep.v.01
harmonize.v.06	in_word	harmonize
harmonize	in_synset	harmonize.v.06
rapport.n.01	in_word	rapport
rapport	in_synset	rapport.n.01
hygiene.n.01	in_word	hygiene
hygiene	in_synset	hygiene.n.01
body_temperature.n.01	in_word	body_temperature
body_temperature	in_synset	body_temperature.n.01
zing.n.01	in_word	zing
zing	in_synset	zing.n.01
bacon_strip.n.01	in_word	bacon_strip
bacon_strip	in_synset	bacon_strip.n.01
spongy.s.02	in_word	spongy
spongy	in_synset	spongy.s.02
playhouse.n.01	in_word	playhouse
playhouse	in_synset	playhouse.n.01
heel.n.02	in_word	heel
heel	in_synset	heel.n.02
niger.n.01	in_word	niger
niger	in_synset	niger.n.01
snowbound.s.01	in_word	snowbound
snowbound	in_synset	snowbound.s.01
orient.v.04	in_word	orient
orient	in_synset	orient.v.04
fraise.n.01	in_word	fraise
fraise	in_synset	fraise.n.01
tumult.n.02	in_word	tumult
tumult	in_synset	tumult.n.02
cordage.n.02	in_word	cordage
cordage	in_synset	cordage.n.02
chlorophyceae.n.01	in_word	chlorophyceae
chlorophyceae	in_synset	chlorophyceae.n.01
ascender.n.02	in_word	ascender
ascender	in_synset	ascender.n.02
esquire.n.02	in_word	esquire
esquire	in_synset	esquire.n.02
transportation_security_administration.n.01	in_word	transportation_security_administration
transportation_security_administration	in_synset	transportation_security_administration.n.01
infectious_agent.n.01	in_word	infectious_agent
infectious_agent	in_synset	infectious_agent.n.01
crenate.s.01	in_word	crenate
crenate	in_synset	crenate.s.01
transplant.v.03	in_word	transplant
transplant	in_synset	transplant.v.03
barren_ground_caribou.n.01	in_word	barren_ground_caribou
barren_ground_caribou	in_synset	barren_ground_caribou.n.01
turkish_monetary_unit.n.01	in_word	turkish_monetary_unit
turkish_monetary_unit	in_synset	turkish_monetary_unit.n.01
headquarters.n.02	in_word	headquarters
headquarters	in_synset	headquarters.n.02
confession.n.02	in_word	confession
confession	in_synset	confession.n.02
cleat.n.03	in_word	cleat
cleat	in_synset	cleat.n.03
velvety-furred.s.01	in_word	velvety-furred
velvety-furred	in_synset	velvety-furred.s.01
modality.n.04	in_word	modality
modality	in_synset	modality.n.04
contemn.v.01	in_word	contemn
contemn	in_synset	contemn.v.01
bailable.s.01	in_word	bailable
bailable	in_synset	bailable.s.01
crossbar.n.01	in_word	crossbar
crossbar	in_synset	crossbar.n.01
gemination.n.01	in_word	gemination
gemination	in_synset	gemination.n.01
knocker.n.05	in_word	knocker
knocker	in_synset	knocker.n.05
spanish_grunt.n.01	in_word	spanish_grunt
spanish_grunt	in_synset	spanish_grunt.n.01
empyreal.s.02	in_word	empyreal
empyreal	in_synset	empyreal.s.02
raw_wound.n.01	in_word	raw_wound
raw_wound	in_synset	raw_wound.n.01
christian.a.01	in_word	christian
christian	in_synset	christian.a.01
ivory_black.n.01	in_word	ivory_black
ivory_black	in_synset	ivory_black.n.01
eve.n.01	in_word	eve
eve	in_synset	eve.n.01
compassion.n.02	in_word	compassion
compassion	in_synset	compassion.n.02
morris.n.03	in_word	morris
morris	in_synset	morris.n.03
superlative.n.03	in_word	superlative
superlative	in_synset	superlative.n.03
surgical.a.02	in_word	surgical
surgical	in_synset	surgical.a.02
elude.v.01	in_word	elude
elude	in_synset	elude.v.01
lobularia.n.01	in_word	lobularia
lobularia	in_synset	lobularia.n.01
investment.n.06	in_word	investment
investment	in_synset	investment.n.06
south_american.n.01	in_word	south_american
south_american	in_synset	south_american.n.01
hindi.n.01	in_word	hindi
hindi	in_synset	hindi.n.01
genus_litchi.n.01	in_word	genus_litchi
genus_litchi	in_synset	genus_litchi.n.01
smut.v.01	in_word	smut
smut	in_synset	smut.v.01
lenticular_nucleus.n.01	in_word	lenticular_nucleus
lenticular_nucleus	in_synset	lenticular_nucleus.n.01
postdate.v.01	in_word	postdate
postdate	in_synset	postdate.v.01
polysyndeton.n.01	in_word	polysyndeton
polysyndeton	in_synset	polysyndeton.n.01
stew.n.02	in_word	stew
stew	in_synset	stew.n.02
lahar.n.01	in_word	lahar
lahar	in_synset	lahar.n.01
serialism.n.01	in_word	serialism
serialism	in_synset	serialism.n.01
irani.n.01	in_word	irani
irani	in_synset	irani.n.01
incineration.n.01	in_word	incineration
incineration	in_synset	incineration.n.01
scald.n.01	in_word	scald
scald	in_synset	scald.n.01
benzoate_of_soda.n.01	in_word	benzoate_of_soda
benzoate_of_soda	in_synset	benzoate_of_soda.n.01
genus_othonna.n.01	in_word	genus_othonna
genus_othonna	in_synset	genus_othonna.n.01
tudor_architecture.n.01	in_word	tudor_architecture
tudor_architecture	in_synset	tudor_architecture.n.01
brawl.v.01	in_word	brawl
brawl	in_synset	brawl.v.01
celsius.n.01	in_word	celsius
celsius	in_synset	celsius.n.01
pond_pine.n.01	in_word	pond_pine
pond_pine	in_synset	pond_pine.n.01
girdle.v.01	in_word	girdle
girdle	in_synset	girdle.v.01
unconsciousness.n.01	in_word	unconsciousness
unconsciousness	in_synset	unconsciousness.n.01
read_method_of_childbirth.n.01	in_word	read_method_of_childbirth
read_method_of_childbirth	in_synset	read_method_of_childbirth.n.01
tilter.n.02	in_word	tilter
tilter	in_synset	tilter.n.02
ground.v.08	in_word	ground
ground	in_synset	ground.v.08
incapable.s.02	in_word	incapable
incapable	in_synset	incapable.s.02
victoria_plum.n.01	in_word	victoria_plum
victoria_plum	in_synset	victoria_plum.n.01
neandertal_man.n.01	in_word	neandertal_man
neandertal_man	in_synset	neandertal_man.n.01
natural_glass.n.01	in_word	natural_glass
natural_glass	in_synset	natural_glass.n.01
ogler.n.01	in_word	ogler
ogler	in_synset	ogler.n.01
conversant.s.01	in_word	conversant
conversant	in_synset	conversant.s.01
tough.a.01	in_word	tough
tough	in_synset	tough.a.01
lookout.n.03	in_word	lookout
lookout	in_synset	lookout.n.03
tournament.n.01	in_word	tournament
tournament	in_synset	tournament.n.01
english_sole.n.02	in_word	english_sole
english_sole	in_synset	english_sole.n.02
slugger.n.02	in_word	slugger
slugger	in_synset	slugger.n.02
defunct.s.02	in_word	defunct
defunct	in_synset	defunct.s.02
materialism.n.01	in_word	materialism
materialism	in_synset	materialism.n.01
worthlessly.r.01	in_word	worthlessly
worthlessly	in_synset	worthlessly.r.01
pea_pod.n.01	in_word	pea_pod
pea_pod	in_synset	pea_pod.n.01
growing.n.02	in_word	growing
growing	in_synset	growing.n.02
turn_on.v.04	in_word	turn_on
turn_on	in_synset	turn_on.v.04
identity.n.04	in_word	identity
identity	in_synset	identity.n.04
cane.n.01	in_word	cane
cane	in_synset	cane.n.01
work_surface.n.01	in_word	work_surface
work_surface	in_synset	work_surface.n.01
bronx-whitestone_bridge.n.01	in_word	bronx-whitestone_bridge
bronx-whitestone_bridge	in_synset	bronx-whitestone_bridge.n.01
piedmont.n.02	in_word	piedmont
piedmont	in_synset	piedmont.n.02
camouflage.n.02	in_word	camouflage
camouflage	in_synset	camouflage.n.02
cash_out.v.01	in_word	cash_out
cash_out	in_synset	cash_out.v.01
nationalization.n.01	in_word	nationalization
nationalization	in_synset	nationalization.n.01
forge.v.05	in_word	forge
forge	in_synset	forge.v.05
historical_linguistics.n.01	in_word	historical_linguistics
historical_linguistics	in_synset	historical_linguistics.n.01
white_mulberry.n.01	in_word	white_mulberry
white_mulberry	in_synset	white_mulberry.n.01
funicular.a.01	in_word	funicular
funicular	in_synset	funicular.a.01
asternal.s.01	in_word	asternal
asternal	in_synset	asternal.s.01
ribbon_fern.n.01	in_word	ribbon_fern
ribbon_fern	in_synset	ribbon_fern.n.01
motley.n.03	in_word	motley
motley	in_synset	motley.n.03
transfuse.v.04	in_word	transfuse
transfuse	in_synset	transfuse.v.04
foramen_magnum.n.01	in_word	foramen_magnum
foramen_magnum	in_synset	foramen_magnum.n.01
manacle.v.01	in_word	manacle
manacle	in_synset	manacle.v.01
polka.v.01	in_word	polka
polka	in_synset	polka.v.01
military_training.n.01	in_word	military_training
military_training	in_synset	military_training.n.01
spell.v.05	in_word	spell
spell	in_synset	spell.v.05
signature.n.05	in_word	signature
signature	in_synset	signature.n.05
jumping.n.01	in_word	jumping
jumping	in_synset	jumping.n.01
yardman.n.02	in_word	yardman
yardman	in_synset	yardman.n.02
masted.a.01	in_word	masted
masted	in_synset	masted.a.01
fruiting.s.01	in_word	fruiting
fruiting	in_synset	fruiting.s.01
spheroid.n.01	in_word	spheroid
spheroid	in_synset	spheroid.n.01
punt.v.01	in_word	punt
punt	in_synset	punt.v.01
pouch.n.03	in_word	pouch
pouch	in_synset	pouch.n.03
trussed.s.01	in_word	trussed
trussed	in_synset	trussed.s.01
subsequently.r.01	in_word	subsequently
subsequently	in_synset	subsequently.r.01
clerical.s.03	in_word	clerical
clerical	in_synset	clerical.s.03
solea.n.01	in_word	solea
solea	in_synset	solea.n.01
t-man.n.01	in_word	t-man
t-man	in_synset	t-man.n.01
disinfectant.n.01	in_word	disinfectant
disinfectant	in_synset	disinfectant.n.01
college_level.n.01	in_word	college_level
college_level	in_synset	college_level.n.01
spherocyte.n.01	in_word	spherocyte
spherocyte	in_synset	spherocyte.n.01
malayalam.n.01	in_word	malayalam
malayalam	in_synset	malayalam.n.01
bum.v.02	in_word	bum
bum	in_synset	bum.v.02
steller.n.01	in_word	steller
steller	in_synset	steller.n.01
choriotis.n.01	in_word	choriotis
choriotis	in_synset	choriotis.n.01
electronic_communication.n.01	in_word	electronic_communication
electronic_communication	in_synset	electronic_communication.n.01
film.v.02	in_word	film
film	in_synset	film.v.02
cliff_dweller.n.01	in_word	cliff_dweller
cliff_dweller	in_synset	cliff_dweller.n.01
pot.n.03	in_word	pot
pot	in_synset	pot.n.03
trigger.v.02	in_word	trigger
trigger	in_synset	trigger.v.02
drive.v.11	in_word	drive
drive	in_synset	drive.v.11
bordelaise.n.01	in_word	bordelaise
bordelaise	in_synset	bordelaise.n.01
sex-linked_disorder.n.01	in_word	sex-linked_disorder
sex-linked_disorder	in_synset	sex-linked_disorder.n.01
parathyroid_gland.n.01	in_word	parathyroid_gland
parathyroid_gland	in_synset	parathyroid_gland.n.01
syncytium.n.01	in_word	syncytium
syncytium	in_synset	syncytium.n.01
date.n.01	in_word	date
date	in_synset	date.n.01
uncolored.a.01	in_word	uncolored
uncolored	in_synset	uncolored.a.01
inert.s.03	in_word	inert
inert	in_synset	inert.s.03
garnishee.v.01	in_word	garnishee
garnishee	in_synset	garnishee.v.01
skid.v.02	in_word	skid
skid	in_synset	skid.v.02
malevolently.r.01	in_word	malevolently
malevolently	in_synset	malevolently.r.01
inca.n.02	in_word	inca
inca	in_synset	inca.n.02
variance.n.06	in_word	variance
variance	in_synset	variance.n.06
genus_episcia.n.01	in_word	genus_episcia
genus_episcia	in_synset	genus_episcia.n.01
dominate.v.05	in_word	dominate
dominate	in_synset	dominate.v.05
amphineura.n.01	in_word	amphineura
amphineura	in_synset	amphineura.n.01
reship.v.01	in_word	reship
reship	in_synset	reship.v.01
sebastodes.n.01	in_word	sebastodes
sebastodes	in_synset	sebastodes.n.01
personal_letter.n.01	in_word	personal_letter
personal_letter	in_synset	personal_letter.n.01
pillar_of_islam.n.01	in_word	pillar_of_islam
pillar_of_islam	in_synset	pillar_of_islam.n.01
gain.v.08	in_word	gain
gain	in_synset	gain.v.08
amerind.n.01	in_word	amerind
amerind	in_synset	amerind.n.01
wax_insect.n.01	in_word	wax_insect
wax_insect	in_synset	wax_insect.n.01
pompadour.n.01	in_word	pompadour
pompadour	in_synset	pompadour.n.01
genus_phaius.n.01	in_word	genus_phaius
genus_phaius	in_synset	genus_phaius.n.01
valve.n.01	in_word	valve
valve	in_synset	valve.n.01
pregnancy.n.01	in_word	pregnancy
pregnancy	in_synset	pregnancy.n.01
effleurage.n.01	in_word	effleurage
effleurage	in_synset	effleurage.n.01
pinetum.n.01	in_word	pinetum
pinetum	in_synset	pinetum.n.01
relocated.s.01	in_word	relocated
relocated	in_synset	relocated.s.01
shopfront.n.01	in_word	shopfront
shopfront	in_synset	shopfront.n.01
dropout.n.01	in_word	dropout
dropout	in_synset	dropout.n.01
infanticide.n.01	in_word	infanticide
infanticide	in_synset	infanticide.n.01
exalted.s.01	in_word	exalted
exalted	in_synset	exalted.s.01
pronunciation.n.02	in_word	pronunciation
pronunciation	in_synset	pronunciation.n.02
argus.n.01	in_word	argus
argus	in_synset	argus.n.01
gun_emplacement.n.01	in_word	gun_emplacement
gun_emplacement	in_synset	gun_emplacement.n.01
bird_of_passage.n.02	in_word	bird_of_passage
bird_of_passage	in_synset	bird_of_passage.n.02
modulate.v.01	in_word	modulate
modulate	in_synset	modulate.v.01
stipendiary.a.01	in_word	stipendiary
stipendiary	in_synset	stipendiary.a.01
directorship.n.01	in_word	directorship
directorship	in_synset	directorship.n.01
drosophyllum_lusitanicum.n.01	in_word	drosophyllum_lusitanicum
drosophyllum_lusitanicum	in_synset	drosophyllum_lusitanicum.n.01
yashmak.n.01	in_word	yashmak
yashmak	in_synset	yashmak.n.01
proteinaceous.a.01	in_word	proteinaceous
proteinaceous	in_synset	proteinaceous.a.01
chemosis.n.01	in_word	chemosis
chemosis	in_synset	chemosis.n.01
nada_daiquiri.n.01	in_word	nada_daiquiri
nada_daiquiri	in_synset	nada_daiquiri.n.01
impossibility.n.01	in_word	impossibility
impossibility	in_synset	impossibility.n.01
phytolacca.n.01	in_word	phytolacca
phytolacca	in_synset	phytolacca.n.01
grassfire.n.01	in_word	grassfire
grassfire	in_synset	grassfire.n.01
dark.s.08	in_word	dark
dark	in_synset	dark.s.08
kasha.n.01	in_word	kasha
kasha	in_synset	kasha.n.01
promptness.n.01	in_word	promptness
promptness	in_synset	promptness.n.01
backward.s.04	in_word	backward
backward	in_synset	backward.s.04
establishment.n.07	in_word	establishment
establishment	in_synset	establishment.n.07
lepomis.n.01	in_word	lepomis
lepomis	in_synset	lepomis.n.01
think_twice.v.01	in_word	think_twice
think_twice	in_synset	think_twice.v.01
ringneck_snake.n.01	in_word	ringneck_snake
ringneck_snake	in_synset	ringneck_snake.n.01
prepackaged.s.01	in_word	prepackaged
prepackaged	in_synset	prepackaged.s.01
vinyl.n.02	in_word	vinyl
vinyl	in_synset	vinyl.n.02
iliolumbar_artery.n.01	in_word	iliolumbar_artery
iliolumbar_artery	in_synset	iliolumbar_artery.n.01
downfield.s.01	in_word	downfield
downfield	in_synset	downfield.s.01
sharp.n.01	in_word	sharp
sharp	in_synset	sharp.n.01
bolus.n.02	in_word	bolus
bolus	in_synset	bolus.n.02
relation.n.04	in_word	relation
relation	in_synset	relation.n.04
xenophobic.s.01	in_word	xenophobic
xenophobic	in_synset	xenophobic.s.01
strickle.n.03	in_word	strickle
strickle	in_synset	strickle.n.03
distracted.s.01	in_word	distracted
distracted	in_synset	distracted.s.01
bombastic.s.01	in_word	bombastic
bombastic	in_synset	bombastic.s.01
commutation_ticket.n.01	in_word	commutation_ticket
commutation_ticket	in_synset	commutation_ticket.n.01
on-site.a.01	in_word	on-site
on-site	in_synset	on-site.a.01
chew.v.01	in_word	chew
chew	in_synset	chew.v.01
frau.n.01	in_word	frau
frau	in_synset	frau.n.01
internal_medicine.n.01	in_word	internal_medicine
internal_medicine	in_synset	internal_medicine.n.01
ladies'_tresses.n.01	in_word	ladies'_tresses
ladies'_tresses	in_synset	ladies'_tresses.n.01
ticking.n.02	in_word	ticking
ticking	in_synset	ticking.n.02
tree_swift.n.01	in_word	tree_swift
tree_swift	in_synset	tree_swift.n.01
paleogeography.n.01	in_word	paleogeography
paleogeography	in_synset	paleogeography.n.01
lunchroom.n.01	in_word	lunchroom
lunchroom	in_synset	lunchroom.n.01
workhouse.n.01	in_word	workhouse
workhouse	in_synset	workhouse.n.01
punitive.a.01	in_word	punitive
punitive	in_synset	punitive.a.01
mcallen.n.01	in_word	mcallen
mcallen	in_synset	mcallen.n.01
forum.n.02	in_word	forum
forum	in_synset	forum.n.02
sand_tiger.n.01	in_word	sand_tiger
sand_tiger	in_synset	sand_tiger.n.01
worry.n.02	in_word	worry
worry	in_synset	worry.n.02
amati.n.01	in_word	amati
amati	in_synset	amati.n.01
varied.s.02	in_word	varied
varied	in_synset	varied.s.02
parturient.a.01	in_word	parturient
parturient	in_synset	parturient.a.01
parishioner.n.01	in_word	parishioner
parishioner	in_synset	parishioner.n.01
deadness.n.03	in_word	deadness
deadness	in_synset	deadness.n.03
clitocybe_inornata.n.01	in_word	clitocybe_inornata
clitocybe_inornata	in_synset	clitocybe_inornata.n.01
noneffervescent.a.02	in_word	noneffervescent
noneffervescent	in_synset	noneffervescent.a.02
switch.n.07	in_word	switch
switch	in_synset	switch.n.07
barrel.n.04	in_word	barrel
barrel	in_synset	barrel.n.04
x-linked_dominant_inheritance.n.01	in_word	x-linked_dominant_inheritance
x-linked_dominant_inheritance	in_synset	x-linked_dominant_inheritance.n.01
ivory_gull.n.01	in_word	ivory_gull
ivory_gull	in_synset	ivory_gull.n.01
idealist.n.01	in_word	idealist
idealist	in_synset	idealist.n.01
corbel_step.n.01	in_word	corbel_step
corbel_step	in_synset	corbel_step.n.01
sequoiadendron.n.01	in_word	sequoiadendron
sequoiadendron	in_synset	sequoiadendron.n.01
tuna_oil.n.01	in_word	tuna_oil
tuna_oil	in_synset	tuna_oil.n.01
theatrical_producer.n.01	in_word	theatrical_producer
theatrical_producer	in_synset	theatrical_producer.n.01
space_station.n.01	in_word	space_station
space_station	in_synset	space_station.n.01
allergic.s.02	in_word	allergic
allergic	in_synset	allergic.s.02
choir.n.01	in_word	choir
choir	in_synset	choir.n.01
cord.n.03	in_word	cord
cord	in_synset	cord.n.03
soup_du_jour.n.01	in_word	soup_du_jour
soup_du_jour	in_synset	soup_du_jour.n.01
michelangelo.n.01	in_word	michelangelo
michelangelo	in_synset	michelangelo.n.01
misprint.v.01	in_word	misprint
misprint	in_synset	misprint.v.01
punctum.n.01	in_word	punctum
punctum	in_synset	punctum.n.01
corynebacterium.n.01	in_word	corynebacterium
corynebacterium	in_synset	corynebacterium.n.01
kolkata.n.01	in_word	kolkata
kolkata	in_synset	kolkata.n.01
consomme.n.01	in_word	consomme
consomme	in_synset	consomme.n.01
tlingit.n.01	in_word	tlingit
tlingit	in_synset	tlingit.n.01
mother.v.01	in_word	mother
mother	in_synset	mother.v.01
sterculiaceae.n.01	in_word	sterculiaceae
sterculiaceae	in_synset	sterculiaceae.n.01
every.s.01	in_word	every
every	in_synset	every.s.01
countersign.v.01	in_word	countersign
countersign	in_synset	countersign.v.01
mushroom_pimple.n.01	in_word	mushroom_pimple
mushroom_pimple	in_synset	mushroom_pimple.n.01
blunder.n.01	in_word	blunder
blunder	in_synset	blunder.n.01
insufficiency.n.01	in_word	insufficiency
insufficiency	in_synset	insufficiency.n.01
ascendable.s.01	in_word	ascendable
ascendable	in_synset	ascendable.s.01
purse_string.n.01	in_word	purse_string
purse_string	in_synset	purse_string.n.01
pudendal_vein.n.01	in_word	pudendal_vein
pudendal_vein	in_synset	pudendal_vein.n.01
porcupine_ball.n.01	in_word	porcupine_ball
porcupine_ball	in_synset	porcupine_ball.n.01
intimidation.n.02	in_word	intimidation
intimidation	in_synset	intimidation.n.02
glomerulonephritis.n.01	in_word	glomerulonephritis
glomerulonephritis	in_synset	glomerulonephritis.n.01
opsonize.v.01	in_word	opsonize
opsonize	in_synset	opsonize.v.01
runcible_spoon.n.01	in_word	runcible_spoon
runcible_spoon	in_synset	runcible_spoon.n.01
detroit_river.n.01	in_word	detroit_river
detroit_river	in_synset	detroit_river.n.01
thin.v.01	in_word	thin
thin	in_synset	thin.v.01
electrical_conduction.n.01	in_word	electrical_conduction
electrical_conduction	in_synset	electrical_conduction.n.01
millenarianism.n.01	in_word	millenarianism
millenarianism	in_synset	millenarianism.n.01
centennial.a.01	in_word	centennial
centennial	in_synset	centennial.a.01
fennel.n.03	in_word	fennel
fennel	in_synset	fennel.n.03
beard.n.03	in_word	beard
beard	in_synset	beard.n.03
waldheim.n.01	in_word	waldheim
waldheim	in_synset	waldheim.n.01
harmonize.v.02	in_word	harmonize
harmonize	in_synset	harmonize.v.02
henna.n.01	in_word	henna
henna	in_synset	henna.n.01
conviction.n.01	in_word	conviction
conviction	in_synset	conviction.n.01
dissemination.n.02	in_word	dissemination
dissemination	in_synset	dissemination.n.02
narrow-mindedness.n.01	in_word	narrow-mindedness
narrow-mindedness	in_synset	narrow-mindedness.n.01
blue_ridge_mountains.n.01	in_word	blue_ridge_mountains
blue_ridge_mountains	in_synset	blue_ridge_mountains.n.01
peanuts.n.01	in_word	peanuts
peanuts	in_synset	peanuts.n.01
trouser_press.n.01	in_word	trouser_press
trouser_press	in_synset	trouser_press.n.01
foreswear.v.02	in_word	foreswear
foreswear	in_synset	foreswear.v.02
safranine.n.01	in_word	safranine
safranine	in_synset	safranine.n.01
long.a.01	in_word	long
long	in_synset	long.a.01
morphophonemics.n.01	in_word	morphophonemics
morphophonemics	in_synset	morphophonemics.n.01
bleaching_agent.n.01	in_word	bleaching_agent
bleaching_agent	in_synset	bleaching_agent.n.01
at_worst.r.01	in_word	at_worst
at_worst	in_synset	at_worst.r.01
friendliness.n.01	in_word	friendliness
friendliness	in_synset	friendliness.n.01
apple_maggot.n.01	in_word	apple_maggot
apple_maggot	in_synset	apple_maggot.n.01
digitigrade.a.01	in_word	digitigrade
digitigrade	in_synset	digitigrade.a.01
hit.v.09	in_word	hit
hit	in_synset	hit.v.09
godfather.n.02	in_word	godfather
godfather	in_synset	godfather.n.02
daedalus.n.01	in_word	daedalus
daedalus	in_synset	daedalus.n.01
pay.v.11	in_word	pay
pay	in_synset	pay.v.11
tap.v.01	in_word	tap
tap	in_synset	tap.v.01
classical_architecture.n.01	in_word	classical_architecture
classical_architecture	in_synset	classical_architecture.n.01
buggy_whip.n.01	in_word	buggy_whip
buggy_whip	in_synset	buggy_whip.n.01
baker's_yeast.n.01	in_word	baker's_yeast
baker's_yeast	in_synset	baker's_yeast.n.01
scammony.n.02	in_word	scammony
scammony	in_synset	scammony.n.02
room_rate.n.01	in_word	room_rate
room_rate	in_synset	room_rate.n.01
paronychia.n.01	in_word	paronychia
paronychia	in_synset	paronychia.n.01
histological.a.01	in_word	histological
histological	in_synset	histological.a.01
stamp.v.08	in_word	stamp
stamp	in_synset	stamp.v.08
occultism.n.01	in_word	occultism
occultism	in_synset	occultism.n.01
tip_in.n.01	in_word	tip_in
tip_in	in_synset	tip_in.n.01
classicism.n.01	in_word	classicism
classicism	in_synset	classicism.n.01
existential_quantifier.n.01	in_word	existential_quantifier
existential_quantifier	in_synset	existential_quantifier.n.01
address.v.01	in_word	address
address	in_synset	address.v.01
tetrasaccharide.n.01	in_word	tetrasaccharide
tetrasaccharide	in_synset	tetrasaccharide.n.01
durban.n.01	in_word	durban
durban	in_synset	durban.n.01
weasel.n.02	in_word	weasel
weasel	in_synset	weasel.n.02
hydroxide.n.01	in_word	hydroxide
hydroxide	in_synset	hydroxide.n.01
listera.n.01	in_word	listera
listera	in_synset	listera.n.01
unheard.s.01	in_word	unheard
unheard	in_synset	unheard.s.01
wittily.r.01	in_word	wittily
wittily	in_synset	wittily.r.01
pass.v.14	in_word	pass
pass	in_synset	pass.v.14
chorditis.n.02	in_word	chorditis
chorditis	in_synset	chorditis.n.02
diffuse.s.01	in_word	diffuse
diffuse	in_synset	diffuse.s.01
tarantism.n.01	in_word	tarantism
tarantism	in_synset	tarantism.n.01
keynote.n.02	in_word	keynote
keynote	in_synset	keynote.n.02
lambrequin.n.02	in_word	lambrequin
lambrequin	in_synset	lambrequin.n.02
downing.n.01	in_word	downing
downing	in_synset	downing.n.01
lizard.n.01	in_word	lizard
lizard	in_synset	lizard.n.01
new_world_opah.n.01	in_word	new_world_opah
new_world_opah	in_synset	new_world_opah.n.01
thirty-seventh.s.01	in_word	thirty-seventh
thirty-seventh	in_synset	thirty-seventh.s.01
raven.v.04	in_word	raven
raven	in_synset	raven.v.04
boatman.n.01	in_word	boatman
boatman	in_synset	boatman.n.01
cannonade.v.01	in_word	cannonade
cannonade	in_synset	cannonade.v.01
venire_facias.n.01	in_word	venire_facias
venire_facias	in_synset	venire_facias.n.01
cogent.s.01	in_word	cogent
cogent	in_synset	cogent.s.01
garden_snail.n.01	in_word	garden_snail
garden_snail	in_synset	garden_snail.n.01
requiem.n.03	in_word	requiem
requiem	in_synset	requiem.n.03
k2.n.01	in_word	k2
k2	in_synset	k2.n.01
matador.n.01	in_word	matador
matador	in_synset	matador.n.01
hampton_roads.n.02	in_word	hampton_roads
hampton_roads	in_synset	hampton_roads.n.02
finisher.n.06	in_word	finisher
finisher	in_synset	finisher.n.06
extinct.s.03	in_word	extinct
extinct	in_synset	extinct.s.03
reticent.s.03	in_word	reticent
reticent	in_synset	reticent.s.03
flavor.n.03	in_word	flavor
flavor	in_synset	flavor.n.03
becquerel.n.01	in_word	becquerel
becquerel	in_synset	becquerel.n.01
fasten.v.01	in_word	fasten
fasten	in_synset	fasten.v.01
cutter.n.03	in_word	cutter
cutter	in_synset	cutter.n.03
domesticate.v.03	in_word	domesticate
domesticate	in_synset	domesticate.v.03
biosafety_level_4.n.01	in_word	biosafety_level_4
biosafety_level_4	in_synset	biosafety_level_4.n.01
western_ladies'_tresses.n.01	in_word	western_ladies'_tresses
western_ladies'_tresses	in_synset	western_ladies'_tresses.n.01
calais.n.01	in_word	calais
calais	in_synset	calais.n.01
survey.v.05	in_word	survey
survey	in_synset	survey.v.05
callipygian.s.01	in_word	callipygian
callipygian	in_synset	callipygian.s.01
marginal_utility.n.01	in_word	marginal_utility
marginal_utility	in_synset	marginal_utility.n.01
postulant.n.01	in_word	postulant
postulant	in_synset	postulant.n.01
bargaining_chip.n.01	in_word	bargaining_chip
bargaining_chip	in_synset	bargaining_chip.n.01
matriarchy.n.01	in_word	matriarchy
matriarchy	in_synset	matriarchy.n.01
extort.v.01	in_word	extort
extort	in_synset	extort.v.01
wage.n.01	in_word	wage
wage	in_synset	wage.n.01
hypocrisy.n.01	in_word	hypocrisy
hypocrisy	in_synset	hypocrisy.n.01
wagonwright.n.01	in_word	wagonwright
wagonwright	in_synset	wagonwright.n.01
argy-bargy.n.01	in_word	argy-bargy
argy-bargy	in_synset	argy-bargy.n.01
cut.n.19	in_word	cut
cut	in_synset	cut.n.19
yersin.n.01	in_word	yersin
yersin	in_synset	yersin.n.01
lawlessness.n.02	in_word	lawlessness
lawlessness	in_synset	lawlessness.n.02
american_copper.n.01	in_word	american_copper
american_copper	in_synset	american_copper.n.01
functionalist.n.01	in_word	functionalist
functionalist	in_synset	functionalist.n.01
anaphoric.a.01	in_word	anaphoric
anaphoric	in_synset	anaphoric.a.01
laminariales.n.01	in_word	laminariales
laminariales	in_synset	laminariales.n.01
sorghum.n.01	in_word	sorghum
sorghum	in_synset	sorghum.n.01
dike.v.01	in_word	dike
dike	in_synset	dike.v.01
immunoglobulin_m.n.01	in_word	immunoglobulin_m
immunoglobulin_m	in_synset	immunoglobulin_m.n.01
papal_states.n.01	in_word	papal_states
papal_states	in_synset	papal_states.n.01
steel_company.n.01	in_word	steel_company
steel_company	in_synset	steel_company.n.01
apostasy.n.01	in_word	apostasy
apostasy	in_synset	apostasy.n.01
mistakenly.r.01	in_word	mistakenly
mistakenly	in_synset	mistakenly.r.01
begin.v.08	in_word	begin
begin	in_synset	begin.v.08
zambia.n.01	in_word	zambia
zambia	in_synset	zambia.n.01
adoration.n.02	in_word	adoration
adoration	in_synset	adoration.n.02
liposuction.n.01	in_word	liposuction
liposuction	in_synset	liposuction.n.01
intermittence.n.01	in_word	intermittence
intermittence	in_synset	intermittence.n.01
micropylar.a.01	in_word	micropylar
micropylar	in_synset	micropylar.a.01
swearer.n.01	in_word	swearer
swearer	in_synset	swearer.n.01
brown_root_rot_fungus.n.01	in_word	brown_root_rot_fungus
brown_root_rot_fungus	in_synset	brown_root_rot_fungus.n.01
rampant.s.02	in_word	rampant
rampant	in_synset	rampant.s.02
balboa.n.02	in_word	balboa
balboa	in_synset	balboa.n.02
vox_angelica.n.01	in_word	vox_angelica
vox_angelica	in_synset	vox_angelica.n.01
prime_meridian.n.01	in_word	prime_meridian
prime_meridian	in_synset	prime_meridian.n.01
circumflex_humeral_artery.n.01	in_word	circumflex_humeral_artery
circumflex_humeral_artery	in_synset	circumflex_humeral_artery.n.01
assuasive.s.01	in_word	assuasive
assuasive	in_synset	assuasive.s.01
decide.v.04	in_word	decide
decide	in_synset	decide.v.04
wine_cask.n.01	in_word	wine_cask
wine_cask	in_synset	wine_cask.n.01
onychosis.n.01	in_word	onychosis
onychosis	in_synset	onychosis.n.01
long-staple.s.01	in_word	long-staple
long-staple	in_synset	long-staple.s.01
astarte.n.01	in_word	astarte
astarte	in_synset	astarte.n.01
annotate.v.01	in_word	annotate
annotate	in_synset	annotate.v.01
acidemia.n.01	in_word	acidemia
acidemia	in_synset	acidemia.n.01
scrag.n.02	in_word	scrag
scrag	in_synset	scrag.n.02
flagging.n.01	in_word	flagging
flagging	in_synset	flagging.n.01
despair.n.02	in_word	despair
despair	in_synset	despair.n.02
tutsi.n.01	in_word	tutsi
tutsi	in_synset	tutsi.n.01
guzzler.n.01	in_word	guzzler
guzzler	in_synset	guzzler.n.01
blond.n.01	in_word	blond
blond	in_synset	blond.n.01
four_o'clock.n.01	in_word	four_o'clock
four_o'clock	in_synset	four_o'clock.n.01
tin_pest.n.01	in_word	tin_pest
tin_pest	in_synset	tin_pest.n.01
presidium.n.01	in_word	presidium
presidium	in_synset	presidium.n.01
bimetal.s.01	in_word	bimetal
bimetal	in_synset	bimetal.s.01
hotel-casino.n.02	in_word	hotel-casino
hotel-casino	in_synset	hotel-casino.n.02
tubercle_bacillus.n.01	in_word	tubercle_bacillus
tubercle_bacillus	in_synset	tubercle_bacillus.n.01
hack.n.07	in_word	hack
hack	in_synset	hack.n.07
genus_streptococcus.n.01	in_word	genus_streptococcus
genus_streptococcus	in_synset	genus_streptococcus.n.01
space.n.08	in_word	space
space	in_synset	space.n.08
sparrow_hawk.n.02	in_word	sparrow_hawk
sparrow_hawk	in_synset	sparrow_hawk.n.02
carcharodon.n.01	in_word	carcharodon
carcharodon	in_synset	carcharodon.n.01
underhand.a.01	in_word	underhand
underhand	in_synset	underhand.a.01
recursive_routine.n.01	in_word	recursive_routine
recursive_routine	in_synset	recursive_routine.n.01
demitasse.n.02	in_word	demitasse
demitasse	in_synset	demitasse.n.02
remittent.s.01	in_word	remittent
remittent	in_synset	remittent.s.01
self-enclosed.s.01	in_word	self-enclosed
self-enclosed	in_synset	self-enclosed.s.01
common_osier.n.01	in_word	common_osier
common_osier	in_synset	common_osier.n.01
bowstring.n.01	in_word	bowstring
bowstring	in_synset	bowstring.n.01
degree.n.07	in_word	degree
degree	in_synset	degree.n.07
pressingly.r.01	in_word	pressingly
pressingly	in_synset	pressingly.r.01
copperhead.n.02	in_word	copperhead
copperhead	in_synset	copperhead.n.02
heavyweight.n.02	in_word	heavyweight
heavyweight	in_synset	heavyweight.n.02
scarred.s.01	in_word	scarred
scarred	in_synset	scarred.s.01
ling-pao.n.01	in_word	ling-pao
ling-pao	in_synset	ling-pao.n.01
napoleon.n.03	in_word	napoleon
napoleon	in_synset	napoleon.n.03
madeira.n.02	in_word	madeira
madeira	in_synset	madeira.n.02
corn_pudding.n.01	in_word	corn_pudding
corn_pudding	in_synset	corn_pudding.n.01
mean.s.04	in_word	mean
mean	in_synset	mean.s.04
bastion.n.02	in_word	bastion
bastion	in_synset	bastion.n.02
basketball_season.n.01	in_word	basketball_season
basketball_season	in_synset	basketball_season.n.01
sea_lavender.n.01	in_word	sea_lavender
sea_lavender	in_synset	sea_lavender.n.01
demulsify.v.02	in_word	demulsify
demulsify	in_synset	demulsify.v.02
brooding.s.01	in_word	brooding
brooding	in_synset	brooding.s.01
cell_membrane.n.01	in_word	cell_membrane
cell_membrane	in_synset	cell_membrane.n.01
cat_thyme.n.01	in_word	cat_thyme
cat_thyme	in_synset	cat_thyme.n.01
volcanic.s.02	in_word	volcanic
volcanic	in_synset	volcanic.s.02
electronics_intelligence.n.01	in_word	electronics_intelligence
electronics_intelligence	in_synset	electronics_intelligence.n.01
hyperbolic.s.01	in_word	hyperbolic
hyperbolic	in_synset	hyperbolic.s.01
fantasy.n.02	in_word	fantasy
fantasy	in_synset	fantasy.n.02
cunoniaceae.n.01	in_word	cunoniaceae
cunoniaceae	in_synset	cunoniaceae.n.01
hardheaded.s.02	in_word	hardheaded
hardheaded	in_synset	hardheaded.s.02
bilaterally.r.02	in_word	bilaterally
bilaterally	in_synset	bilaterally.r.02
jaw.n.01	in_word	jaw
jaw	in_synset	jaw.n.01
canyon_oak.n.01	in_word	canyon_oak
canyon_oak	in_synset	canyon_oak.n.01
gilgamish.n.01	in_word	gilgamish
gilgamish	in_synset	gilgamish.n.01
unappetizing.a.01	in_word	unappetizing
unappetizing	in_synset	unappetizing.a.01
unimposing.s.01	in_word	unimposing
unimposing	in_synset	unimposing.s.01
exploited.s.02	in_word	exploited
exploited	in_synset	exploited.s.02
field_glass.n.01	in_word	field_glass
field_glass	in_synset	field_glass.n.01
stupa.n.01	in_word	stupa
stupa	in_synset	stupa.n.01
bounce.v.05	in_word	bounce
bounce	in_synset	bounce.v.05
taro.n.01	in_word	taro
taro	in_synset	taro.n.01
jackstraws.n.01	in_word	jackstraws
jackstraws	in_synset	jackstraws.n.01
electric_frying_pan.n.01	in_word	electric_frying_pan
electric_frying_pan	in_synset	electric_frying_pan.n.01
slave.n.02	in_word	slave
slave	in_synset	slave.n.02
visit.v.07	in_word	visit
visit	in_synset	visit.v.07
topdress.v.01	in_word	topdress
topdress	in_synset	topdress.v.01
decimalize.v.01	in_word	decimalize
decimalize	in_synset	decimalize.v.01
hand.n.10	in_word	hand
hand	in_synset	hand.n.10
indebted.s.01	in_word	indebted
indebted	in_synset	indebted.s.01
regular.n.02	in_word	regular
regular	in_synset	regular.n.02
make.v.01	in_word	make
make	in_synset	make.v.01
sealed.a.01	in_word	sealed
sealed	in_synset	sealed.a.01
exegetic.a.01	in_word	exegetic
exegetic	in_synset	exegetic.a.01
pickle.n.01	in_word	pickle
pickle	in_synset	pickle.n.01
picker.n.01	in_word	picker
picker	in_synset	picker.n.01
gastronomic.a.01	in_word	gastronomic
gastronomic	in_synset	gastronomic.a.01
track.n.08	in_word	track
track	in_synset	track.n.08
dominican.a.02	in_word	dominican
dominican	in_synset	dominican.a.02
buy.v.03	in_word	buy
buy	in_synset	buy.v.03
broadcasting_company.n.01	in_word	broadcasting_company
broadcasting_company	in_synset	broadcasting_company.n.01
antioch.n.01	in_word	antioch
antioch	in_synset	antioch.n.01
bevy.n.02	in_word	bevy
bevy	in_synset	bevy.n.02
cockerel.n.01	in_word	cockerel
cockerel	in_synset	cockerel.n.01
political_prisoner.n.01	in_word	political_prisoner
political_prisoner	in_synset	political_prisoner.n.01
droplet.n.01	in_word	droplet
droplet	in_synset	droplet.n.01
northwest.n.02	in_word	northwest
northwest	in_synset	northwest.n.02
discretion.n.05	in_word	discretion
discretion	in_synset	discretion.n.05
shove.v.02	in_word	shove
shove	in_synset	shove.v.02
tendril.n.01	in_word	tendril
tendril	in_synset	tendril.n.01
lepus.n.01	in_word	lepus
lepus	in_synset	lepus.n.01
stammerer.n.01	in_word	stammerer
stammerer	in_synset	stammerer.n.01
entrancement.n.01	in_word	entrancement
entrancement	in_synset	entrancement.n.01
devastation.n.02	in_word	devastation
devastation	in_synset	devastation.n.02
day_shift.n.01	in_word	day_shift
day_shift	in_synset	day_shift.n.01
feudalize.v.01	in_word	feudalize
feudalize	in_synset	feudalize.v.01
advisability.n.01	in_word	advisability
advisability	in_synset	advisability.n.01
morphogenesis.n.01	in_word	morphogenesis
morphogenesis	in_synset	morphogenesis.n.01
affinity.n.05	in_word	affinity
affinity	in_synset	affinity.n.05
freethinker.n.01	in_word	freethinker
freethinker	in_synset	freethinker.n.01
train.v.09	in_word	train
train	in_synset	train.v.09
clean_up.v.04	in_word	clean_up
clean_up	in_synset	clean_up.v.04
anemic_anoxia.n.01	in_word	anemic_anoxia
anemic_anoxia	in_synset	anemic_anoxia.n.01
angioscope.n.01	in_word	angioscope
angioscope	in_synset	angioscope.n.01
proton.n.01	in_word	proton
proton	in_synset	proton.n.01
fizz.n.01	in_word	fizz
fizz	in_synset	fizz.n.01
reception_line.n.01	in_word	reception_line
reception_line	in_synset	reception_line.n.01
model.n.06	in_word	model
model	in_synset	model.n.06
genus_montezuma.n.01	in_word	genus_montezuma
genus_montezuma	in_synset	genus_montezuma.n.01
spectrophotometer.n.01	in_word	spectrophotometer
spectrophotometer	in_synset	spectrophotometer.n.01
refocusing.n.01	in_word	refocusing
refocusing	in_synset	refocusing.n.01
labor.n.02	in_word	labor
labor	in_synset	labor.n.02
raised.s.03	in_word	raised
raised	in_synset	raised.s.03
exoteric.a.01	in_word	exoteric
exoteric	in_synset	exoteric.a.01
solid.s.12	in_word	solid
solid	in_synset	solid.s.12
bank.n.04	in_word	bank
bank	in_synset	bank.n.04
corinthian.n.02	in_word	corinthian
corinthian	in_synset	corinthian.n.02
accouter.v.01	in_word	accouter
accouter	in_synset	accouter.v.01
cyprinodont.n.01	in_word	cyprinodont
cyprinodont	in_synset	cyprinodont.n.01
challenge.n.03	in_word	challenge
challenge	in_synset	challenge.n.03
rightful.s.01	in_word	rightful
rightful	in_synset	rightful.s.01
argonaut.n.01	in_word	argonaut
argonaut	in_synset	argonaut.n.01
blood_sausage.n.01	in_word	blood_sausage
blood_sausage	in_synset	blood_sausage.n.01
primrose_path.n.01	in_word	primrose_path
primrose_path	in_synset	primrose_path.n.01
ostrich.n.01	in_word	ostrich
ostrich	in_synset	ostrich.n.01
perch.n.06	in_word	perch
perch	in_synset	perch.n.06
draw_in.v.01	in_word	draw_in
draw_in	in_synset	draw_in.v.01
right_to_an_attorney.n.01	in_word	right_to_an_attorney
right_to_an_attorney	in_synset	right_to_an_attorney.n.01
extinction.n.06	in_word	extinction
extinction	in_synset	extinction.n.06
trace.v.01	in_word	trace
trace	in_synset	trace.v.01
exhaustible.a.01	in_word	exhaustible
exhaustible	in_synset	exhaustible.a.01
hoggish.s.01	in_word	hoggish
hoggish	in_synset	hoggish.s.01
academy.n.04	in_word	academy
academy	in_synset	academy.n.04
parliamentary_agent.n.01	in_word	parliamentary_agent
parliamentary_agent	in_synset	parliamentary_agent.n.01
alkaptonuria.n.01	in_word	alkaptonuria
alkaptonuria	in_synset	alkaptonuria.n.01
catch_on.v.01	in_word	catch_on
catch_on	in_synset	catch_on.v.01
pylon.n.01	in_word	pylon
pylon	in_synset	pylon.n.01
indian_chief.n.01	in_word	indian_chief
indian_chief	in_synset	indian_chief.n.01
accomplished.s.03	in_word	accomplished
accomplished	in_synset	accomplished.s.03
tightly.r.01	in_word	tightly
tightly	in_synset	tightly.r.01
arabian_jasmine.n.01	in_word	arabian_jasmine
arabian_jasmine	in_synset	arabian_jasmine.n.01
sand_dropseed.n.01	in_word	sand_dropseed
sand_dropseed	in_synset	sand_dropseed.n.01
biological.a.02	in_word	biological
biological	in_synset	biological.a.02
squatter.n.02	in_word	squatter
squatter	in_synset	squatter.n.02
landing_stage.n.01	in_word	landing_stage
landing_stage	in_synset	landing_stage.n.01
tickle.n.01	in_word	tickle
tickle	in_synset	tickle.n.01
advertising.n.02	in_word	advertising
advertising	in_synset	advertising.n.02
irregularly.r.03	in_word	irregularly
irregularly	in_synset	irregularly.r.03
continuance.n.01	in_word	continuance
continuance	in_synset	continuance.n.01
retire.v.08	in_word	retire
retire	in_synset	retire.v.08
network_architecture.n.01	in_word	network_architecture
network_architecture	in_synset	network_architecture.n.01
expel.v.01	in_word	expel
expel	in_synset	expel.v.01
guava.n.02	in_word	guava
guava	in_synset	guava.n.02
centerline.n.01	in_word	centerline
centerline	in_synset	centerline.n.01
color_scheme.n.01	in_word	color_scheme
color_scheme	in_synset	color_scheme.n.01
argo.n.01	in_word	argo
argo	in_synset	argo.n.01
strongbox.n.01	in_word	strongbox
strongbox	in_synset	strongbox.n.01
wichita.n.01	in_word	wichita
wichita	in_synset	wichita.n.01
knuckle.v.02	in_word	knuckle
knuckle	in_synset	knuckle.v.02
short_gastric_artery.n.01	in_word	short_gastric_artery
short_gastric_artery	in_synset	short_gastric_artery.n.01
gerontologist.n.01	in_word	gerontologist
gerontologist	in_synset	gerontologist.n.01
ministry.n.03	in_word	ministry
ministry	in_synset	ministry.n.03
fair_hearing.n.01	in_word	fair_hearing
fair_hearing	in_synset	fair_hearing.n.01
toilet_tissue.n.01	in_word	toilet_tissue
toilet_tissue	in_synset	toilet_tissue.n.01
naught.n.02	in_word	naught
naught	in_synset	naught.n.02
fogbank.n.01	in_word	fogbank
fogbank	in_synset	fogbank.n.01
cutlet.n.01	in_word	cutlet
cutlet	in_synset	cutlet.n.01
mesabi_range.n.01	in_word	mesabi_range
mesabi_range	in_synset	mesabi_range.n.01
fundamentalism.n.02	in_word	fundamentalism
fundamentalism	in_synset	fundamentalism.n.02
aleyrodidae.n.01	in_word	aleyrodidae
aleyrodidae	in_synset	aleyrodidae.n.01
isoproterenol.n.01	in_word	isoproterenol
isoproterenol	in_synset	isoproterenol.n.01
prim.v.01	in_word	prim
prim	in_synset	prim.v.01
recalcitrate.v.01	in_word	recalcitrate
recalcitrate	in_synset	recalcitrate.v.01
true_anomaly.n.01	in_word	true_anomaly
true_anomaly	in_synset	true_anomaly.n.01
staphylinidae.n.01	in_word	staphylinidae
staphylinidae	in_synset	staphylinidae.n.01
speckle.v.02	in_word	speckle
speckle	in_synset	speckle.v.02
globe.n.03	in_word	globe
globe	in_synset	globe.n.03
namesake.n.01	in_word	namesake
namesake	in_synset	namesake.n.01
tensor_tympani.n.01	in_word	tensor_tympani
tensor_tympani	in_synset	tensor_tympani.n.01
clitocybe_subconnexa.n.01	in_word	clitocybe_subconnexa
clitocybe_subconnexa	in_synset	clitocybe_subconnexa.n.01
scandal.n.02	in_word	scandal
scandal	in_synset	scandal.n.02
hypogammaglobulinemia.n.01	in_word	hypogammaglobulinemia
hypogammaglobulinemia	in_synset	hypogammaglobulinemia.n.01
scientific.a.01	in_word	scientific
scientific	in_synset	scientific.a.01
iterate.v.02	in_word	iterate
iterate	in_synset	iterate.v.02
weatherman.n.01	in_word	weatherman
weatherman	in_synset	weatherman.n.01
fraudulence.n.02	in_word	fraudulence
fraudulence	in_synset	fraudulence.n.02
calico.a.01	in_word	calico
calico	in_synset	calico.a.01
greatest.s.01	in_word	greatest
greatest	in_synset	greatest.s.01
fool's_errand.n.01	in_word	fool's_errand
fool's_errand	in_synset	fool's_errand.n.01
staggerer.n.01	in_word	staggerer
staggerer	in_synset	staggerer.n.01
bridle.n.02	in_word	bridle
bridle	in_synset	bridle.n.02
semicolon.n.01	in_word	semicolon
semicolon	in_synset	semicolon.n.01
process_cheese.n.01	in_word	process_cheese
process_cheese	in_synset	process_cheese.n.01
unsaturated.a.02	in_word	unsaturated
unsaturated	in_synset	unsaturated.a.02
infection.n.06	in_word	infection
infection	in_synset	infection.n.06
punctuation.n.03	in_word	punctuation
punctuation	in_synset	punctuation.n.03
cybernetic.a.01	in_word	cybernetic
cybernetic	in_synset	cybernetic.a.01
return_key.n.01	in_word	return_key
return_key	in_synset	return_key.n.01
felidae.n.01	in_word	felidae
felidae	in_synset	felidae.n.01
jones.n.03	in_word	jones
jones	in_synset	jones.n.03
hit.n.02	in_word	hit
hit	in_synset	hit.n.02
orange.s.01	in_word	orange
orange	in_synset	orange.s.01
brass_section.n.01	in_word	brass_section
brass_section	in_synset	brass_section.n.01
varuna.n.01	in_word	varuna
varuna	in_synset	varuna.n.01
cd-rom_drive.n.01	in_word	cd-rom_drive
cd-rom_drive	in_synset	cd-rom_drive.n.01
no_longer.r.01	in_word	no_longer
no_longer	in_synset	no_longer.r.01
west_berlin.n.01	in_word	west_berlin
west_berlin	in_synset	west_berlin.n.01
extraneous.s.03	in_word	extraneous
extraneous	in_synset	extraneous.s.03
aim.v.02	in_word	aim
aim	in_synset	aim.v.02
gastritis.n.01	in_word	gastritis
gastritis	in_synset	gastritis.n.01
receptively.r.01	in_word	receptively
receptively	in_synset	receptively.r.01
numeration_system.n.01	in_word	numeration_system
numeration_system	in_synset	numeration_system.n.01
pentail.n.01	in_word	pentail
pentail	in_synset	pentail.n.01
curling.n.01	in_word	curling
curling	in_synset	curling.n.01
babka.n.01	in_word	babka
babka	in_synset	babka.n.01
musca.n.02	in_word	musca
musca	in_synset	musca.n.02
opening.n.03	in_word	opening
opening	in_synset	opening.n.03
radiate.v.03	in_word	radiate
radiate	in_synset	radiate.v.03
financing.n.01	in_word	financing
financing	in_synset	financing.n.01
contrivance.n.02	in_word	contrivance
contrivance	in_synset	contrivance.n.02
stick.n.02	in_word	stick
stick	in_synset	stick.n.02
stage_fright.n.01	in_word	stage_fright
stage_fright	in_synset	stage_fright.n.01
high-handedly.r.01	in_word	high-handedly
high-handedly	in_synset	high-handedly.r.01
one_hundred_seventy-five.s.01	in_word	one_hundred_seventy-five
one_hundred_seventy-five	in_synset	one_hundred_seventy-five.s.01
confect.v.01	in_word	confect
confect	in_synset	confect.v.01
increasingly.r.01	in_word	increasingly
increasingly	in_synset	increasingly.r.01
subrogation.n.01	in_word	subrogation
subrogation	in_synset	subrogation.n.01
xiphoid_process.n.01	in_word	xiphoid_process
xiphoid_process	in_synset	xiphoid_process.n.01
amazed.s.01	in_word	amazed
amazed	in_synset	amazed.s.01
urinary.a.02	in_word	urinary
urinary	in_synset	urinary.a.02
magnetize.v.01	in_word	magnetize
magnetize	in_synset	magnetize.v.01
diploid.a.01	in_word	diploid
diploid	in_synset	diploid.a.01
tug.v.07	in_word	tug
tug	in_synset	tug.v.07
shrublet.n.01	in_word	shrublet
shrublet	in_synset	shrublet.n.01
clef.n.01	in_word	clef
clef	in_synset	clef.n.01
amaranthus.n.01	in_word	amaranthus
amaranthus	in_synset	amaranthus.n.01
goshawk.n.01	in_word	goshawk
goshawk	in_synset	goshawk.n.01
panama.n.01	in_word	panama
panama	in_synset	panama.n.01
window.n.01	in_word	window
window	in_synset	window.n.01
periwinkle_plant_derivative.n.01	in_word	periwinkle_plant_derivative
periwinkle_plant_derivative	in_synset	periwinkle_plant_derivative.n.01
loyalty.n.02	in_word	loyalty
loyalty	in_synset	loyalty.n.02
unite.v.01	in_word	unite
unite	in_synset	unite.v.01
cybercafe.n.01	in_word	cybercafe
cybercafe	in_synset	cybercafe.n.01
rally.n.01	in_word	rally
rally	in_synset	rally.n.01
welterweight.n.03	in_word	welterweight
welterweight	in_synset	welterweight.n.03
hyperventilate.v.02	in_word	hyperventilate
hyperventilate	in_synset	hyperventilate.v.02
henbane.n.01	in_word	henbane
henbane	in_synset	henbane.n.01
arrow_grass.n.01	in_word	arrow_grass
arrow_grass	in_synset	arrow_grass.n.01
end.n.11	in_word	end
end	in_synset	end.n.11
ballistocardiogram.n.01	in_word	ballistocardiogram
ballistocardiogram	in_synset	ballistocardiogram.n.01
flat.a.05	in_word	flat
flat	in_synset	flat.a.05
breakthrough.n.03	in_word	breakthrough
breakthrough	in_synset	breakthrough.n.03
transgress.v.01	in_word	transgress
transgress	in_synset	transgress.v.01
grape.n.01	in_word	grape
grape	in_synset	grape.n.01
faultfinding.n.01	in_word	faultfinding
faultfinding	in_synset	faultfinding.n.01
seating.n.01	in_word	seating
seating	in_synset	seating.n.01
prognosis.n.02	in_word	prognosis
prognosis	in_synset	prognosis.n.02
fraught.s.02	in_word	fraught
fraught	in_synset	fraught.s.02
slipstream.n.01	in_word	slipstream
slipstream	in_synset	slipstream.n.01
indigo_broom.n.01	in_word	indigo_broom
indigo_broom	in_synset	indigo_broom.n.01
clematis.n.01	in_word	clematis
clematis	in_synset	clematis.n.01
reportable.a.01	in_word	reportable
reportable	in_synset	reportable.a.01
extension.n.09	in_word	extension
extension	in_synset	extension.n.09
invariance.n.02	in_word	invariance
invariance	in_synset	invariance.n.02
deutzia.n.01	in_word	deutzia
deutzia	in_synset	deutzia.n.01
genus_sivapithecus.n.01	in_word	genus_sivapithecus
genus_sivapithecus	in_synset	genus_sivapithecus.n.01
presentism.n.01	in_word	presentism
presentism	in_synset	presentism.n.01
advowson.n.01	in_word	advowson
advowson	in_synset	advowson.n.01
make_out.v.10	in_word	make_out
make_out	in_synset	make_out.v.10
cigarette_case.n.01	in_word	cigarette_case
cigarette_case	in_synset	cigarette_case.n.01
shoe_shop.n.01	in_word	shoe_shop
shoe_shop	in_synset	shoe_shop.n.01
tampico.n.01	in_word	tampico
tampico	in_synset	tampico.n.01
groundcover.n.02	in_word	groundcover
groundcover	in_synset	groundcover.n.02
abstemious.s.02	in_word	abstemious
abstemious	in_synset	abstemious.s.02
thallophyta.n.01	in_word	thallophyta
thallophyta	in_synset	thallophyta.n.01
bismarck_archipelago.n.01	in_word	bismarck_archipelago
bismarck_archipelago	in_synset	bismarck_archipelago.n.01
irresoluteness.n.01	in_word	irresoluteness
irresoluteness	in_synset	irresoluteness.n.01
blintz.n.01	in_word	blintz
blintz	in_synset	blintz.n.01
patron.n.02	in_word	patron
patron	in_synset	patron.n.02
syntactically.r.01	in_word	syntactically
syntactically	in_synset	syntactically.r.01
fernlike.s.01	in_word	fernlike
fernlike	in_synset	fernlike.s.01
counterattack.n.01	in_word	counterattack
counterattack	in_synset	counterattack.n.01
irrational_hostility.n.01	in_word	irrational_hostility
irrational_hostility	in_synset	irrational_hostility.n.01
round-trip_ticket.n.01	in_word	round-trip_ticket
round-trip_ticket	in_synset	round-trip_ticket.n.01
eskimo_curlew.n.01	in_word	eskimo_curlew
eskimo_curlew	in_synset	eskimo_curlew.n.01
cineraria.n.01	in_word	cineraria
cineraria	in_synset	cineraria.n.01
exuberate.v.01	in_word	exuberate
exuberate	in_synset	exuberate.v.01
baker's_eczema.n.01	in_word	baker's_eczema
baker's_eczema	in_synset	baker's_eczema.n.01
chrysothamnus.n.01	in_word	chrysothamnus
chrysothamnus	in_synset	chrysothamnus.n.01
primulaceae.n.01	in_word	primulaceae
primulaceae	in_synset	primulaceae.n.01
naturalism.n.01	in_word	naturalism
naturalism	in_synset	naturalism.n.01
swedish_iron.n.01	in_word	swedish_iron
swedish_iron	in_synset	swedish_iron.n.01
contemplate.v.02	in_word	contemplate
contemplate	in_synset	contemplate.v.02
thickness.n.03	in_word	thickness
thickness	in_synset	thickness.n.03
unindustrialized.s.01	in_word	unindustrialized
unindustrialized	in_synset	unindustrialized.s.01
effacement.n.01	in_word	effacement
effacement	in_synset	effacement.n.01
crosscheck.n.02	in_word	crosscheck
crosscheck	in_synset	crosscheck.n.02
interstellar_space.n.01	in_word	interstellar_space
interstellar_space	in_synset	interstellar_space.n.01
chargeable.s.01	in_word	chargeable
chargeable	in_synset	chargeable.s.01
brown_bear.n.01	in_word	brown_bear
brown_bear	in_synset	brown_bear.n.01
mass_energy.n.01	in_word	mass_energy
mass_energy	in_synset	mass_energy.n.01
hong_kong_dollar.n.01	in_word	hong_kong_dollar
hong_kong_dollar	in_synset	hong_kong_dollar.n.01
tansy_mustard.n.01	in_word	tansy_mustard
tansy_mustard	in_synset	tansy_mustard.n.01
sawyer.n.01	in_word	sawyer
sawyer	in_synset	sawyer.n.01
largeness.n.03	in_word	largeness
largeness	in_synset	largeness.n.03
unmalleability.n.01	in_word	unmalleability
unmalleability	in_synset	unmalleability.n.01
potato_pancake.n.01	in_word	potato_pancake
potato_pancake	in_synset	potato_pancake.n.01
addis_ababa.n.01	in_word	addis_ababa
addis_ababa	in_synset	addis_ababa.n.01
future_date.n.01	in_word	future_date
future_date	in_synset	future_date.n.01
green_algae.n.01	in_word	green_algae
green_algae	in_synset	green_algae.n.01
narrow-minded.s.03	in_word	narrow-minded
narrow-minded	in_synset	narrow-minded.s.03
garden_angelica.n.01	in_word	garden_angelica
garden_angelica	in_synset	garden_angelica.n.01
glib.s.01	in_word	glib
glib	in_synset	glib.s.01
cook.n.02	in_word	cook
cook	in_synset	cook.n.02
quadruped.n.01	in_word	quadruped
quadruped	in_synset	quadruped.n.01
discrimination.n.01	in_word	discrimination
discrimination	in_synset	discrimination.n.01
rootless.s.01	in_word	rootless
rootless	in_synset	rootless.s.01
stave.n.02	in_word	stave
stave	in_synset	stave.n.02
find.v.13	in_word	find
find	in_synset	find.v.13
harvestfish.n.01	in_word	harvestfish
harvestfish	in_synset	harvestfish.n.01
aalto.n.01	in_word	aalto
aalto	in_synset	aalto.n.01
collectible.s.01	in_word	collectible
collectible	in_synset	collectible.s.01
start.v.10	in_word	start
start	in_synset	start.v.10
parsimonious.s.01	in_word	parsimonious
parsimonious	in_synset	parsimonious.s.01
subjacent.a.01	in_word	subjacent
subjacent	in_synset	subjacent.a.01
overhaul.n.01	in_word	overhaul
overhaul	in_synset	overhaul.n.01
stress_test.n.01	in_word	stress_test
stress_test	in_synset	stress_test.n.01
scincidae.n.01	in_word	scincidae
scincidae	in_synset	scincidae.n.01
jamaica_quassia.n.02	in_word	jamaica_quassia
jamaica_quassia	in_synset	jamaica_quassia.n.02
informed.a.01	in_word	informed
informed	in_synset	informed.a.01
rattus.n.01	in_word	rattus
rattus	in_synset	rattus.n.01
aporocactus.n.01	in_word	aporocactus
aporocactus	in_synset	aporocactus.n.01
deaconess.n.01	in_word	deaconess
deaconess	in_synset	deaconess.n.01
lowball.v.01	in_word	lowball
lowball	in_synset	lowball.v.01
sit.v.04	in_word	sit
sit	in_synset	sit.v.04
pus.n.01	in_word	pus
pus	in_synset	pus.n.01
watchman.n.01	in_word	watchman
watchman	in_synset	watchman.n.01
boa_constrictor.n.01	in_word	boa_constrictor
boa_constrictor	in_synset	boa_constrictor.n.01
cut_down.v.04	in_word	cut_down
cut_down	in_synset	cut_down.v.04
siberian.a.01	in_word	siberian
siberian	in_synset	siberian.a.01
brainless.s.01	in_word	brainless
brainless	in_synset	brainless.s.01
exchange_traded_fund.n.01	in_word	exchange_traded_fund
exchange_traded_fund	in_synset	exchange_traded_fund.n.01
colonic.a.01	in_word	colonic
colonic	in_synset	colonic.a.01
luteinizing_hormone.n.01	in_word	luteinizing_hormone
luteinizing_hormone	in_synset	luteinizing_hormone.n.01
irreproducibility.n.01	in_word	irreproducibility
irreproducibility	in_synset	irreproducibility.n.01
craving.n.01	in_word	craving
craving	in_synset	craving.n.01
japanese_spaniel.n.01	in_word	japanese_spaniel
japanese_spaniel	in_synset	japanese_spaniel.n.01
nitrofuran.n.01	in_word	nitrofuran
nitrofuran	in_synset	nitrofuran.n.01
hook.v.08	in_word	hook
hook	in_synset	hook.v.08
load.n.02	in_word	load
load	in_synset	load.n.02
reflex_arc.n.01	in_word	reflex_arc
reflex_arc	in_synset	reflex_arc.n.01
peacock.n.02	in_word	peacock
peacock	in_synset	peacock.n.02
recruit.n.02	in_word	recruit
recruit	in_synset	recruit.n.02
seamanship.n.01	in_word	seamanship
seamanship	in_synset	seamanship.n.01
excite.v.01	in_word	excite
excite	in_synset	excite.v.01
milking_stool.n.01	in_word	milking_stool
milking_stool	in_synset	milking_stool.n.01
flash-forward.n.01	in_word	flash-forward
flash-forward	in_synset	flash-forward.n.01
socratic_method.n.01	in_word	socratic_method
socratic_method	in_synset	socratic_method.n.01
tarzan.n.02	in_word	tarzan
tarzan	in_synset	tarzan.n.02
tiller.n.03	in_word	tiller
tiller	in_synset	tiller.n.03
spatchcock.v.02	in_word	spatchcock
spatchcock	in_synset	spatchcock.v.02
jibboom.n.01	in_word	jibboom
jibboom	in_synset	jibboom.n.01
hoe_handle.n.01	in_word	hoe_handle
hoe_handle	in_synset	hoe_handle.n.01
unformatted_capacity.n.01	in_word	unformatted_capacity
unformatted_capacity	in_synset	unformatted_capacity.n.01
setophaga.n.01	in_word	setophaga
setophaga	in_synset	setophaga.n.01
lie_in.v.02	in_word	lie_in
lie_in	in_synset	lie_in.v.02
combat_ceiling.n.01	in_word	combat_ceiling
combat_ceiling	in_synset	combat_ceiling.n.01
melanin.n.01	in_word	melanin
melanin	in_synset	melanin.n.01
theorize.v.02	in_word	theorize
theorize	in_synset	theorize.v.02
marsh_andromeda.n.01	in_word	marsh_andromeda
marsh_andromeda	in_synset	marsh_andromeda.n.01
cerotic_acid.n.01	in_word	cerotic_acid
cerotic_acid	in_synset	cerotic_acid.n.01
finedraw.v.01	in_word	finedraw
finedraw	in_synset	finedraw.v.01
irrigation_ditch.n.01	in_word	irrigation_ditch
irrigation_ditch	in_synset	irrigation_ditch.n.01
blue_poppy.n.01	in_word	blue_poppy
blue_poppy	in_synset	blue_poppy.n.01
incorporeal.a.01	in_word	incorporeal
incorporeal	in_synset	incorporeal.a.01
blue_point_siamese.n.01	in_word	blue_point_siamese
blue_point_siamese	in_synset	blue_point_siamese.n.01
rockabilly.n.01	in_word	rockabilly
rockabilly	in_synset	rockabilly.n.01
eglevsky.n.01	in_word	eglevsky
eglevsky	in_synset	eglevsky.n.01
wiper_motor.n.01	in_word	wiper_motor
wiper_motor	in_synset	wiper_motor.n.01
wallace.n.01	in_word	wallace
wallace	in_synset	wallace.n.01
drepanididae.n.01	in_word	drepanididae
drepanididae	in_synset	drepanididae.n.01
sharpen.v.08	in_word	sharpen
sharpen	in_synset	sharpen.v.08
lilliputian.n.01	in_word	lilliputian
lilliputian	in_synset	lilliputian.n.01
birthday.n.02	in_word	birthday
birthday	in_synset	birthday.n.02
sunburst.n.01	in_word	sunburst
sunburst	in_synset	sunburst.n.01
spare_time.n.01	in_word	spare_time
spare_time	in_synset	spare_time.n.01
unexpansive.s.02	in_word	unexpansive
unexpansive	in_synset	unexpansive.s.02
aphanite.n.01	in_word	aphanite
aphanite	in_synset	aphanite.n.01
abject.s.04	in_word	abject
abject	in_synset	abject.s.04
mass.n.05	in_word	mass
mass	in_synset	mass.n.05
subcommittee.n.01	in_word	subcommittee
subcommittee	in_synset	subcommittee.n.01
new_penny.n.01	in_word	new_penny
new_penny	in_synset	new_penny.n.01
themis.n.01	in_word	themis
themis	in_synset	themis.n.01
telephone_unit.n.01	in_word	telephone_unit
telephone_unit	in_synset	telephone_unit.n.01
stet.v.02	in_word	stet
stet	in_synset	stet.v.02
beaver.n.06	in_word	beaver
beaver	in_synset	beaver.n.06
goldbeater.n.01	in_word	goldbeater
goldbeater	in_synset	goldbeater.n.01
iraqi.n.01	in_word	iraqi
iraqi	in_synset	iraqi.n.01
calomel.n.01	in_word	calomel
calomel	in_synset	calomel.n.01
spanish_broom.n.01	in_word	spanish_broom
spanish_broom	in_synset	spanish_broom.n.01
night_jasmine.n.01	in_word	night_jasmine
night_jasmine	in_synset	night_jasmine.n.01
sob.n.03	in_word	sob
sob	in_synset	sob.n.03
blindness.n.01	in_word	blindness
blindness	in_synset	blindness.n.01
racket.v.03	in_word	racket
racket	in_synset	racket.v.03
rimless.a.01	in_word	rimless
rimless	in_synset	rimless.a.01
plastic_laminate.n.01	in_word	plastic_laminate
plastic_laminate	in_synset	plastic_laminate.n.01
chaeronea.n.01	in_word	chaeronea
chaeronea	in_synset	chaeronea.n.01
american_flying_squirrel.n.01	in_word	american_flying_squirrel
american_flying_squirrel	in_synset	american_flying_squirrel.n.01
clambake.n.01	in_word	clambake
clambake	in_synset	clambake.n.01
bookishness.n.01	in_word	bookishness
bookishness	in_synset	bookishness.n.01
scanning.n.02	in_word	scanning
scanning	in_synset	scanning.n.02
combine.n.01	in_word	combine
combine	in_synset	combine.n.01
protoctist_order.n.01	in_word	protoctist_order
protoctist_order	in_synset	protoctist_order.n.01
hemostasis.n.01	in_word	hemostasis
hemostasis	in_synset	hemostasis.n.01
hold.v.10	in_word	hold
hold	in_synset	hold.v.10
invariable.a.01	in_word	invariable
invariable	in_synset	invariable.a.01
gum_ball.n.01	in_word	gum_ball
gum_ball	in_synset	gum_ball.n.01
torrential.a.01	in_word	torrential
torrential	in_synset	torrential.a.01
impishness.n.01	in_word	impishness
impishness	in_synset	impishness.n.01
wholeness.n.02	in_word	wholeness
wholeness	in_synset	wholeness.n.02
polling_place.n.01	in_word	polling_place
polling_place	in_synset	polling_place.n.01
arterial_pressure.n.01	in_word	arterial_pressure
arterial_pressure	in_synset	arterial_pressure.n.01
azygous.s.01	in_word	azygous
azygous	in_synset	azygous.s.01
swab.v.01	in_word	swab
swab	in_synset	swab.v.01
leopardess.n.01	in_word	leopardess
leopardess	in_synset	leopardess.n.01
detective_story.n.01	in_word	detective_story
detective_story	in_synset	detective_story.n.01
testicular.a.01	in_word	testicular
testicular	in_synset	testicular.a.01
presumptuously.r.01	in_word	presumptuously
presumptuously	in_synset	presumptuously.r.01
lanius.n.01	in_word	lanius
lanius	in_synset	lanius.n.01
sample.v.01	in_word	sample
sample	in_synset	sample.v.01
shortening.n.01	in_word	shortening
shortening	in_synset	shortening.n.01
genus_dichondra.n.01	in_word	genus_dichondra
genus_dichondra	in_synset	genus_dichondra.n.01
alteration.n.02	in_word	alteration
alteration	in_synset	alteration.n.02
symbiotic.s.01	in_word	symbiotic
symbiotic	in_synset	symbiotic.s.01
four-tailed_bandage.n.01	in_word	four-tailed_bandage
four-tailed_bandage	in_synset	four-tailed_bandage.n.01
envelope.n.06	in_word	envelope
envelope	in_synset	envelope.n.06
divergent_thinker.n.01	in_word	divergent_thinker
divergent_thinker	in_synset	divergent_thinker.n.01
projectile.s.01	in_word	projectile
projectile	in_synset	projectile.s.01
applicability.n.01	in_word	applicability
applicability	in_synset	applicability.n.01
scabicide.n.01	in_word	scabicide
scabicide	in_synset	scabicide.n.01
blunt.s.04	in_word	blunt
blunt	in_synset	blunt.s.04
count.n.03	in_word	count
count	in_synset	count.n.03
evidential.s.01	in_word	evidential
evidential	in_synset	evidential.s.01
nary.s.01	in_word	nary
nary	in_synset	nary.s.01
ascospore.n.01	in_word	ascospore
ascospore	in_synset	ascospore.n.01
music.n.03	in_word	music
music	in_synset	music.n.03
state_of_the_art.n.01	in_word	state_of_the_art
state_of_the_art	in_synset	state_of_the_art.n.01
guest_night.n.01	in_word	guest_night
guest_night	in_synset	guest_night.n.01
gasoline_tax.n.01	in_word	gasoline_tax
gasoline_tax	in_synset	gasoline_tax.n.01
clastic_rock.n.01	in_word	clastic_rock
clastic_rock	in_synset	clastic_rock.n.01
die.v.10	in_word	die
die	in_synset	die.v.10
noncyclic.a.01	in_word	noncyclic
noncyclic	in_synset	noncyclic.a.01
multiplicative_inverse.n.01	in_word	multiplicative_inverse
multiplicative_inverse	in_synset	multiplicative_inverse.n.01
drumstick.n.01	in_word	drumstick
drumstick	in_synset	drumstick.n.01
cross-pollination.n.02	in_word	cross-pollination
cross-pollination	in_synset	cross-pollination.n.02
bullnecked.s.01	in_word	bullnecked
bullnecked	in_synset	bullnecked.s.01
dazed.s.02	in_word	dazed
dazed	in_synset	dazed.s.02
lightning.n.01	in_word	lightning
lightning	in_synset	lightning.n.01
stand.n.03	in_word	stand
stand	in_synset	stand.n.03
clearing.n.02	in_word	clearing
clearing	in_synset	clearing.n.02
pawnee.n.01	in_word	pawnee
pawnee	in_synset	pawnee.n.01
mandate.v.01	in_word	mandate
mandate	in_synset	mandate.v.01
stigmatize.v.01	in_word	stigmatize
stigmatize	in_synset	stigmatize.v.01
hot-wire.v.01	in_word	hot-wire
hot-wire	in_synset	hot-wire.v.01
dry.a.06	in_word	dry
dry	in_synset	dry.a.06
dark_red.n.01	in_word	dark_red
dark_red	in_synset	dark_red.n.01
tulip_tree.n.01	in_word	tulip_tree
tulip_tree	in_synset	tulip_tree.n.01
permanganic_acid.n.01	in_word	permanganic_acid
permanganic_acid	in_synset	permanganic_acid.n.01
billyo.n.01	in_word	billyo
billyo	in_synset	billyo.n.01
interval.n.03	in_word	interval
interval	in_synset	interval.n.03
xerographic_printer.n.01	in_word	xerographic_printer
xerographic_printer	in_synset	xerographic_printer.n.01
hatefulness.n.01	in_word	hatefulness
hatefulness	in_synset	hatefulness.n.01
embrace.n.01	in_word	embrace
embrace	in_synset	embrace.n.01
dirt.s.01	in_word	dirt
dirt	in_synset	dirt.s.01
investment.n.04	in_word	investment
investment	in_synset	investment.n.04
navarino.n.01	in_word	navarino
navarino	in_synset	navarino.n.01
quadric.n.01	in_word	quadric
quadric	in_synset	quadric.n.01
northwest_by_west.n.01	in_word	northwest_by_west
northwest_by_west	in_synset	northwest_by_west.n.01
holey.s.01	in_word	holey
holey	in_synset	holey.s.01
magnolia.n.01	in_word	magnolia
magnolia	in_synset	magnolia.n.01
whacker.n.01	in_word	whacker
whacker	in_synset	whacker.n.01
kurdistan_workers_party.n.01	in_word	kurdistan_workers_party
kurdistan_workers_party	in_synset	kurdistan_workers_party.n.01
spike_lavender.n.01	in_word	spike_lavender
spike_lavender	in_synset	spike_lavender.n.01
observation_station.n.01	in_word	observation_station
observation_station	in_synset	observation_station.n.01
letter_of_marque.n.01	in_word	letter_of_marque
letter_of_marque	in_synset	letter_of_marque.n.01
surmount.v.02	in_word	surmount
surmount	in_synset	surmount.v.02
lax.a.03	in_word	lax
lax	in_synset	lax.a.03
unfretted.a.01	in_word	unfretted
unfretted	in_synset	unfretted.a.01
transit_zone.n.01	in_word	transit_zone
transit_zone	in_synset	transit_zone.n.01
ms-dos.n.01	in_word	ms-dos
ms-dos	in_synset	ms-dos.n.01
corrupt.v.01	in_word	corrupt
corrupt	in_synset	corrupt.v.01
phosphorous.a.01	in_word	phosphorous
phosphorous	in_synset	phosphorous.a.01
snap_up.v.01	in_word	snap_up
snap_up	in_synset	snap_up.v.01
dinner_napkin.n.01	in_word	dinner_napkin
dinner_napkin	in_synset	dinner_napkin.n.01
play.v.07	in_word	play
play	in_synset	play.v.07
champaign.n.02	in_word	champaign
champaign	in_synset	champaign.n.02
osteostracan.n.01	in_word	osteostracan
osteostracan	in_synset	osteostracan.n.01
athletic_type.n.01	in_word	athletic_type
athletic_type	in_synset	athletic_type.n.01
flindersia.n.01	in_word	flindersia
flindersia	in_synset	flindersia.n.01
apotropaic.s.01	in_word	apotropaic
apotropaic	in_synset	apotropaic.s.01
levorotation.n.01	in_word	levorotation
levorotation	in_synset	levorotation.n.01
cornish_pasty.n.01	in_word	cornish_pasty
cornish_pasty	in_synset	cornish_pasty.n.01
quadrangular_prism.n.01	in_word	quadrangular_prism
quadrangular_prism	in_synset	quadrangular_prism.n.01
light.s.20	in_word	light
light	in_synset	light.s.20
pseudonymous.s.01	in_word	pseudonymous
pseudonymous	in_synset	pseudonymous.s.01
chlorococcales.n.01	in_word	chlorococcales
chlorococcales	in_synset	chlorococcales.n.01
roll_in.v.01	in_word	roll_in
roll_in	in_synset	roll_in.v.01
hydatid.n.01	in_word	hydatid
hydatid	in_synset	hydatid.n.01
relieve.v.01	in_word	relieve
relieve	in_synset	relieve.v.01
hagerstown.n.01	in_word	hagerstown
hagerstown	in_synset	hagerstown.n.01
glass.n.03	in_word	glass
glass	in_synset	glass.n.03
bottle-shaped.s.01	in_word	bottle-shaped
bottle-shaped	in_synset	bottle-shaped.s.01
borosilicate.n.01	in_word	borosilicate
borosilicate	in_synset	borosilicate.n.01
unpleasantly.r.01	in_word	unpleasantly
unpleasantly	in_synset	unpleasantly.r.01
remilegia.n.01	in_word	remilegia
remilegia	in_synset	remilegia.n.01
memorability.n.01	in_word	memorability
memorability	in_synset	memorability.n.01
furniture_company.n.01	in_word	furniture_company
furniture_company	in_synset	furniture_company.n.01
condemnation.n.04	in_word	condemnation
condemnation	in_synset	condemnation.n.04
shower_curtain.n.01	in_word	shower_curtain
shower_curtain	in_synset	shower_curtain.n.01
bath.n.03	in_word	bath
bath	in_synset	bath.n.03
wrongheadedly.r.01	in_word	wrongheadedly
wrongheadedly	in_synset	wrongheadedly.r.01
pappus.n.01	in_word	pappus
pappus	in_synset	pappus.n.01
erysimum.n.01	in_word	erysimum
erysimum	in_synset	erysimum.n.01
niche.n.04	in_word	niche
niche	in_synset	niche.n.04
dentifrice.n.01	in_word	dentifrice
dentifrice	in_synset	dentifrice.n.01
drag.n.01	in_word	drag
drag	in_synset	drag.n.01
chunnel.n.01	in_word	chunnel
chunnel	in_synset	chunnel.n.01
serum.n.01	in_word	serum
serum	in_synset	serum.n.01
hydrogen_peroxide.n.01	in_word	hydrogen_peroxide
hydrogen_peroxide	in_synset	hydrogen_peroxide.n.01
primogeniture.n.01	in_word	primogeniture
primogeniture	in_synset	primogeniture.n.01
spangle.v.02	in_word	spangle
spangle	in_synset	spangle.v.02
conradina.n.01	in_word	conradina
conradina	in_synset	conradina.n.01
sugar_beet.n.01	in_word	sugar_beet
sugar_beet	in_synset	sugar_beet.n.01
psychological_moment.n.01	in_word	psychological_moment
psychological_moment	in_synset	psychological_moment.n.01
pensacola.n.01	in_word	pensacola
pensacola	in_synset	pensacola.n.01
coarctate.s.01	in_word	coarctate
coarctate	in_synset	coarctate.s.01
popular_music.n.01	in_word	popular_music
popular_music	in_synset	popular_music.n.01
