follow-up.n.03	derivationally_related_forms	follow_through.v.02
people.n.01	hyponyms	age_group.n.01
painter.n.01	hyponyms	pointillist.n.01
voyeur.n.01	hypernyms	spectator.n.01
small_indefinite_quantity.n.01	hyponyms	minimum.n.01
treacle.n.01	derivationally_related_forms	cloying.s.01
practice.n.01	hyponyms	modernism.n.03
agrostis.n.01	hypernyms	plant_genus.n.01
ambitious.s.02	similar_tos	difficult.a.01
abortion_pill.n.01	hypernyms	abortifacient.n.01
orontium.n.01	member_holonyms	araceae.n.01
oxalidaceae.n.01	member_meronyms	averrhoa.n.01
giraffidae.n.01	member_meronyms	okapia.n.01
remove.v.01	hyponyms	seed.v.08
large.a.01	similar_tos	ample.s.03
get.v.19	hypernyms	hit.v.03
morphologically.r.01	pertainyms	morphologic.a.01
reassurance.n.01	derivationally_related_forms	reassure.v.02
zion.n.01	part_holonyms	jerusalem.n.01
domestic_goat.n.01	hyponyms	cashmere_goat.n.01
necrosis.n.01	hypernyms	death.n.02
signpost.v.01	hypernyms	mark.v.02
friendship_plant.n.01	member_holonyms	pilea.n.01
tritanopia.n.01	hypernyms	yellow-blue_dichromacy.n.01
nurse.n.01	hyponyms	probationer.n.01
snogging.n.01	hypernyms	caressing.n.01
phytolacca.n.01	member_holonyms	phytolaccaceae.n.01
unearned_income.n.02	topic_domains	accounting.n.02
put_on.v.07	hyponyms	dress.v.10
sleet.v.01	derivationally_related_forms	sleet.n.01
price-controlled.s.01	similar_tos	controlled.a.01
transition.n.03	hypernyms	change.n.01
biceps.n.01	hyponyms	biceps_brachii.n.01
churchgoer.n.01	hyponyms	holy_roller.n.01
portable.a.01	similar_tos	takeout.s.01
bulgaria.n.01	part_meronyms	plovdiv.n.01
workman.n.01	hyponyms	laborer.n.01
tenderfoot.n.01	hypernyms	novice.n.02
channel.n.04	instance_hyponyms	windward_passage.n.01
caraway.n.01	member_holonyms	carum.n.01
decelerate.v.02	hyponyms	moderate.v.02
carefulness.n.02	hypernyms	attentiveness.n.03
realism.n.01	derivationally_related_forms	hardheaded.s.02
englishman.n.01	hyponyms	cornishman.n.01
standard_atmosphere.n.01	hyponyms	stp.n.01
plan.n.01	hyponyms	regimen.n.01
congestive.a.01	derivationally_related_forms	clog.v.01
capital_gains_tax.n.01	hypernyms	tax.n.01
indeterminable.a.01	antonyms	determinable.a.01
blowback.n.02	hypernyms	misinformation.n.01
phase.n.01	derivationally_related_forms	phase.v.01
mannequin.n.01	hypernyms	assistant.n.01
communicative.a.02	similar_tos	siouan-speaking.s.01
criminal.n.01	hyponyms	arsonist.n.01
cycle.n.03	derivationally_related_forms	cyclic.a.04
personification.n.02	hypernyms	trope.n.01
carya.n.01	member_meronyms	nutmeg_hickory.n.01
portunidae.n.01	member_meronyms	swimming_crab.n.01
shift.v.12	derivationally_related_forms	gearshift.n.01
match.n.02	hyponyms	chess_match.n.01
memory.n.03	derivationally_related_forms	retentive.a.01
valve.n.01	part_holonyms	heart.n.02
tidewater.n.01	hypernyms	coastal_plain.n.01
rosid_dicot_genus.n.01	hyponyms	chamaecytisus.n.01
unpopular.a.01	similar_tos	less-traveled.s.01
zigzag.v.01	entailments	turn.v.01
endomorph.n.01	hypernyms	person.n.01
national_capital.n.01	instance_hyponyms	riga.n.01
constant.n.02	hyponyms	gas_constant.n.01
nonindulgent.a.01	similar_tos	severe.s.04
gypaetus.n.01	hypernyms	bird_genus.n.01
extinction.n.05	hypernyms	conditioning.n.01
series.n.07	hyponyms	geometric_series.n.01
optometrist.n.01	derivationally_related_forms	eye.n.01
unrefined.a.02	similar_tos	artless.s.04
building.n.01	part_meronyms	scantling.n.01
dirtiness.n.01	hyponyms	dirt.n.02
blur.v.06	hypernyms	weaken.v.02
mythology.n.01	in_topic_domains	diffusion.n.02
exemption.n.01	hyponyms	diplomatic_immunity.n.01
commonwealth_country.n.01	hypernyms	state.n.04
bell_seat.n.01	hypernyms	seat.n.04
dasyuridae.n.01	member_meronyms	thylacinus.n.01
television_reporter.n.01	hyponyms	anchor.n.03
inventor.n.01	instance_hyponyms	westinghouse.n.01
scomberomorus.n.01	hypernyms	fish_genus.n.01
concoction.n.01	hyponyms	dough.n.01
opaque_gem.n.01	hyponyms	jade.n.01
mint.v.01	derivationally_related_forms	mint.n.06
indecency.n.01	hyponyms	immodesty.n.01
texas.n.01	part_meronyms	bryan.n.02
flagfish.n.01	member_holonyms	jordanella.n.01
tragic_flaw.n.01	hypernyms	flaw.n.02
intestinal.a.01	pertainyms	intestine.n.01
soft.s.19	derivationally_related_forms	softness.n.06
militarily.r.01	pertainyms	military.a.01
silvery_spleenwort.n.02	hypernyms	fern.n.01
reimburse.v.01	derivationally_related_forms	reimbursement.n.01
pallid_bat.n.01	member_holonyms	antrozous.n.01
uneducated.a.01	similar_tos	unstudied.s.02
air_hammer.n.01	hypernyms	hammer.n.07
new_town.n.01	region_domains	united_kingdom.n.01
geological_phenomenon.n.01	topic_domains	geology.n.01
cuculidae.n.01	member_meronyms	coccyzus.n.01
understand.v.04	hypernyms	believe.v.01
entertainment.n.01	hypernyms	diversion.n.01
vocative.a.01	derivationally_related_forms	vocative.n.01
rotating_shaft.n.01	hyponyms	camshaft.n.01
attainment.n.01	hyponyms	accession.n.06
papuan.n.01	member_holonyms	new_guinea.n.01
genus_caiman.n.01	member_holonyms	alligatoridae.n.01
graduation.n.01	derivationally_related_forms	graduate.v.02
fish_family.n.01	hyponyms	orectolobidae.n.01
advisee.n.01	hypernyms	person.n.01
premeditated.a.01	antonyms	unpremeditated.a.02
placebo.n.02	hypernyms	vesper.n.02
cyatheaceae.n.01	member_holonyms	filicopsida.n.01
hitchrack.n.01	hypernyms	rail.n.04
hook_up.v.01	derivationally_related_forms	hookup.n.02
canalicular.a.01	pertainyms	canaliculus.n.01
fern_genus.n.01	hyponyms	pityrogramma.n.01
railroad_track.n.01	part_holonyms	line.n.14
gratefulness.n.01	derivationally_related_forms	grateful.a.01
transparent_gem.n.01	hyponyms	kunzite.n.01
bilabiate.s.01	topic_domains	botany.n.02
genus_leipoa.n.01	hypernyms	bird_genus.n.01
bad_temper.n.01	hypernyms	anger.n.01
death.n.01	hyponyms	wrongful_death.n.01
liliaceae.n.01	member_meronyms	tecophilaeacea.n.01
fore.a.01	similar_tos	foremost.s.03
progressive.a.03	topic_domains	tax.n.01
paper.n.01	hypernyms	material.n.01
celebration.n.01	derivationally_related_forms	celebrate.v.02
plant.n.02	in_topic_domains	deciduous.a.01
signally.r.02	pertainyms	signal.s.01
histology.n.01	derivationally_related_forms	histological.a.01
fly_orchid.n.01	member_holonyms	trichoceros.n.01
decompositional.s.01	derivationally_related_forms	decay.n.03
charadrii.n.01	member_meronyms	haematopodidae.n.01
visualize.v.03	verb_groups	visualize.v.01
duration.n.03	hyponyms	brevity.n.02
scarabaeid_beetle.n.01	hyponyms	japanese_beetle.n.01
unwholesomeness.n.01	derivationally_related_forms	morbid.s.01
wine.n.01	hyponyms	dessert_wine.n.01
tentacular.a.01	derivationally_related_forms	tentacle.n.02
disorganized.a.01	also_sees	unsystematic.a.01
cinnamon.n.02	member_holonyms	cinnamomum.n.01
ishmael.n.01	instance_hypernyms	patriarch.n.03
viverricula.n.01	member_holonyms	viverridae.n.01
deodorize.v.01	derivationally_related_forms	deodorant.n.01
unemployed.a.01	antonyms	employed.a.01
inherit.v.01	verb_groups	inherit.v.03
family.n.06	hyponyms	fish_family.n.01
sikhism.n.01	in_topic_domains	adi_granth.n.01
orange_zest.n.01	hypernyms	orange_peel.n.01
falcon.v.01	derivationally_related_forms	falconer.n.01
bernoulli.n.01	instance_hypernyms	physicist.n.01
nark.n.01	region_domains	united_kingdom.n.01
faithlessness.n.01	derivationally_related_forms	fickle.s.01
submediant.n.01	hypernyms	note.n.03
erysipelas.n.01	hypernyms	saint_anthony's_fire.n.01
complect.v.01	hypernyms	connect.v.03
shout.v.02	hyponyms	whoop.v.01
colloquialism.n.01	in_usage_domains	swag.n.01
amphibian_genus.n.01	hyponyms	taricha.n.01
truck_bed.n.01	hyponyms	flatbed.n.02
ingot_iron.n.01	hypernyms	iron.n.01
cushion_flower.n.01	hypernyms	shrub.n.01
psychiatry.n.01	in_topic_domains	mental_disorder.n.01
disclaimer.n.01	topic_domains	law.n.01
methodist.n.01	hyponyms	wesleyan.n.01
defense.n.07	antonyms	prosecution.n.02
doctor_of_the_church.n.01	topic_domains	roman_catholic.n.02
pole.n.07	instance_hyponyms	south_pole.n.01
kitchen_utensil.n.01	hyponyms	squeezer.n.01
military_unit.n.01	hyponyms	echelon.n.02
weightless.a.01	antonyms	weighty.a.01
percolate.v.05	derivationally_related_forms	percolation.n.01
municipal.s.02	similar_tos	domestic.a.01
sumac.n.02	hyponyms	smooth_sumac.n.01
bombycid.n.01	member_holonyms	bombycidae.n.01
gas_pressure.n.01	hyponyms	atmospheric_pressure.n.01
cod.n.03	hyponyms	pacific_cod.n.01
staff.n.05	hypernyms	symbol.n.01
electrify.v.02	derivationally_related_forms	electrification.n.02
sweet_pepper.n.02	hyponyms	green_pepper.n.01
fiat_money.n.01	hypernyms	paper_money.n.01
hardy.n.01	instance_hypernyms	comedian.n.01
tinderbox.n.02	hypernyms	box.n.01
sporting_dog.n.01	hyponyms	griffon.n.03
congruent.a.02	similar_tos	identical.s.05
pleat.n.01	hyponyms	box_pleat.n.01
sports_equipment.n.01	hyponyms	spike.n.02
person.n.01	hyponyms	commoner.n.01
family.n.02	member_meronyms	parent.n.01
cabinet.n.02	hyponyms	united_states_cabinet.n.01
airspace.n.02	hypernyms	atmosphere.n.03
activated.s.02	topic_domains	physics.n.01
bonsai.n.01	hypernyms	tree.n.01
try.v.01	hyponyms	grope.v.02
terrorism.n.01	in_topic_domains	mujahidin.n.01
boletus_pulcherrimus.n.01	member_holonyms	boletus.n.01
kiowa.n.01	hypernyms	plains_indian.n.01
ventricular_fibrillation.n.01	hypernyms	cardiac_arrhythmia.n.01
excoriation.n.02	hypernyms	denunciation.n.01
arthropod_family.n.01	hyponyms	pinnotheridae.n.01
country.n.04	hyponyms	farmland.n.01
clothing.n.01	derivationally_related_forms	wear.v.09
engineer.n.01	instance_hyponyms	donkin.n.01
captor.n.01	hypernyms	person.n.01
arthropod_family.n.01	hyponyms	phylloxeridae.n.01
dipteronia.n.01	member_holonyms	aceraceae.n.01
custard.n.01	hyponyms	creme_brulee.n.01
rat.n.01	hypernyms	rodent.n.01
all-rounder.n.01	hypernyms	expert.n.01
pectoral.a.01	pertainyms	thorax.n.02
stock.n.03	hyponyms	pistol_grip.n.01
juridical.a.01	pertainyms	jurisprudence.n.01
pair.n.01	derivationally_related_forms	pair.v.03
brackishness.n.01	hypernyms	saltiness.n.03
skeletal_muscle.n.01	hyponyms	tibialis.n.01
architect.n.01	instance_hyponyms	thornton.n.01
fondly.r.01	pertainyms	loving.a.01
harrison.n.01	instance_hypernyms	actor.n.01
overt_operation.n.01	hypernyms	intelligence.n.05
water_shamrock.n.01	hypernyms	aquatic_plant.n.01
public_works.n.01	part_holonyms	infrastructure.n.02
snowball.v.02	hypernyms	pelt.v.01
sorb.v.01	topic_domains	chemistry.n.01
uncongeniality.n.01	hypernyms	unfriendliness.n.02
celt.n.01	hyponyms	gaul.n.02
dissociation.n.01	derivationally_related_forms	decouple.v.02
nazarene.n.01	hypernyms	religious_person.n.01
water.n.01	substance_holonyms	snowflake.n.01
redding.n.01	instance_hypernyms	town.n.01
transliterate.v.01	hyponyms	braille.v.01
freckle.v.02	derivationally_related_forms	freckle.n.01
gesture.n.01	hypernyms	motion.n.03
agriocharis.n.01	member_holonyms	meleagrididae.n.01
mostaccioli.n.01	hypernyms	pasta.n.02
luke.n.02	in_topic_domains	abraham's_bosom.n.01
grapefruit_peel.n.01	part_holonyms	grapefruit.n.02
pompadour.n.02	hypernyms	hairdo.n.01
absolutist.a.01	derivationally_related_forms	dictatorship.n.01
provide.v.02	derivationally_related_forms	caterer.n.01
fund.v.04	derivationally_related_forms	investment_company.n.01
centaurus.n.01	member_meronyms	omega_centauri.n.01
laxness.n.02	derivationally_related_forms	lax.s.04
expensive.a.01	similar_tos	big-ticket.s.01
zymology.n.01	hypernyms	biochemistry.n.01
shipshape.s.01	similar_tos	tidy.a.01
scoop.v.01	hyponyms	dip.v.14
lean.a.02	derivationally_related_forms	meagerness.n.01
shot.n.13	hypernyms	charge.n.15
conveyance.n.03	hyponyms	mail.n.03
recreation_room.n.01	hyponyms	rumpus_room.n.01
break.n.13	hyponyms	cut-in.n.02
sleeve.n.01	part_meronyms	cuff.n.01
wax.n.01	hyponyms	scale_wax.n.01
musketeer.n.01	member_holonyms	musketry.n.01
uxoriousness.n.01	derivationally_related_forms	uxorious.s.01
nicholas_v.n.01	instance_hypernyms	pope.n.01
pocket_rat.n.01	hypernyms	rat.n.01
sail.n.01	hypernyms	piece_of_cloth.n.01
ephesus.n.01	part_holonyms	asia_minor.n.01
executive.n.01	hyponyms	rainmaker.n.01
villon.n.01	instance_hypernyms	poet.n.01
esprit_de_corps.n.01	hypernyms	disposition.n.01
mythical_monster.n.01	hyponyms	salamander.n.02
church.v.01	derivationally_related_forms	church_service.n.01
city.n.01	instance_hyponyms	kazan.n.02
anthyllis.n.01	member_meronyms	jupiter's_beard.n.01
specialized.a.01	similar_tos	special.s.04
tiamat.n.01	instance_hypernyms	semitic_deity.n.01
muscle.n.01	hyponyms	levator.n.01
bobcat.n.01	hypernyms	lynx.n.02
karen.n.01	hypernyms	tibeto-burman.n.01
urochord.n.02	hypernyms	notochord.n.01
bail_out.v.01	hypernyms	free.v.01
compositae.n.01	member_meronyms	genus_scorzonera.n.01
erinaceus.n.01	member_holonyms	erinaceidae.n.01
missionary.n.01	instance_hyponyms	livingstone.n.01
horny_structure.n.01	hyponyms	nail.n.01
viperidae.n.01	hypernyms	reptile_family.n.01
zimbabwe.n.01	part_meronyms	bulawayo.n.01
dieback.n.01	hypernyms	plant_disease.n.01
synesthetic.a.01	pertainyms	synesthesia.n.01
procellariiform_seabird.n.01	hypernyms	pelagic_bird.n.01
g-string.n.01	hypernyms	woman's_clothing.n.01
central_american_country.n.01	instance_hyponyms	costa_rica.n.01
telecommunication.n.01	hypernyms	medium.n.01
mean.n.01	topic_domains	statistics.n.01
computer_science.n.01	in_topic_domains	access.v.01
asphalt.n.01	hypernyms	paving.n.01
pipe.n.01	hyponyms	calumet.n.01
mouth.n.02	derivationally_related_forms	mouth.v.03
suicide.n.01	hyponyms	harakiri.n.01
salt.n.01	hyponyms	silicate.n.01
feed.v.02	derivationally_related_forms	giving.n.01
lagothrix.n.01	member_meronyms	woolly_monkey.n.01
rhoeadales.n.01	member_meronyms	papaveraceae.n.01
scan.v.02	hypernyms	examine.v.02
delegate.v.02	hyponyms	regiment.v.03
sustenance.n.03	derivationally_related_forms	sustentacular.a.01
sign.v.01	hypernyms	write.v.02
saxe.n.01	instance_hypernyms	general.n.01
sacrifice.v.01	verb_groups	give.v.18
intensive.s.01	derivationally_related_forms	intensity.n.02
supper_club.n.01	hypernyms	cabaret.n.01
bird_genus.n.01	hyponyms	perdix.n.01
chinese_cabbage.n.02	hypernyms	cabbage.n.01
tomato_juice.n.01	hypernyms	juice.n.01
affine.n.01	topic_domains	anthropology.n.01
meadow_rue.n.01	hypernyms	wildflower.n.01
poorness.n.02	derivationally_related_forms	poor.a.04
corrigible.a.01	antonyms	incorrigible.a.01
inconvertible.a.01	similar_tos	irredeemable.s.02
better.v.02	hyponyms	condition.v.04
arthropod_genus.n.01	hyponyms	callinectes.n.01
military.n.01	in_topic_domains	effective.s.06
umbrella.n.01	hyponyms	gamp.n.01
belt.n.03	instance_hyponyms	bible_belt.n.01
hokan.n.01	hyponyms	kulanapan.n.01
examination.n.01	hyponyms	survey.n.01
trinidad.n.01	part_holonyms	trinidad_and_tobago.n.01
acidophilic.s.01	derivationally_related_forms	acidophil.n.01
swelling.n.01	hyponyms	spermatocele.n.01
begin.v.02	derivationally_related_forms	beginning.n.05
invagination.n.02	derivationally_related_forms	intussuscept.v.01
secrecy.n.01	derivationally_related_forms	close.s.15
pucker.v.03	hypernyms	wrinkle.v.02
twin_bed.n.01	hypernyms	bed.n.01
solemnize.v.01	hypernyms	observe.v.06
straight-grained.s.01	similar_tos	even.a.03
bacteriologist.n.01	instance_hyponyms	fleming.n.02
breakfast.v.01	hypernyms	eat.v.02
writer.n.01	instance_hyponyms	wain.n.01
plant_order.n.01	hyponyms	umbellales.n.01
somesthesia.n.02	hyponyms	tactual_sensation.n.02
rootless.s.01	derivationally_related_forms	vagabond.n.01
inclement.a.02	similar_tos	unsparing.s.02
hayrack.n.01	hypernyms	rack.n.01
videotape.n.01	derivationally_related_forms	videotape.v.01
city.n.01	instance_hyponyms	jabalpur.n.01
laurentian_plateau.n.01	instance_hypernyms	tableland.n.01
distance.n.01	hyponyms	mean_distance.n.01
large-headed.s.01	similar_tos	headed.a.03
airship.n.01	hypernyms	lighter-than-air_craft.n.01
computer_memory_unit.n.01	hyponyms	nybble.n.01
ignescent.s.01	similar_tos	combustible.a.01
band.n.04	hyponyms	cigar_band.n.01
azure.v.01	hypernyms	color.v.01
arouse.v.01	hyponyms	infatuate.v.01
flounce.v.01	derivationally_related_forms	flounce.n.02
add.v.04	hypernyms	calculate.v.01
explorer.n.01	instance_hyponyms	jolliet.n.01
seriously.r.01	pertainyms	earnest.s.01
cutout.n.02	hypernyms	photographic_print.n.01
united_kingdom.n.01	in_region_domains	jiggered.s.01
hook.n.05	hyponyms	skyhook.n.02
transformer.n.01	part_meronyms	secondary_coil.n.01
croquette.n.01	hypernyms	dish.n.02
rock_star.n.01	instance_hyponyms	lennon.n.01
itch.n.03	hyponyms	pruritus.n.01
luster.n.01	derivationally_related_forms	brilliant.s.05
hunt.n.04	hypernyms	club.n.02
toehold.n.02	hypernyms	foothold.n.02
cynopterus_sphinx.n.01	hypernyms	fruit_bat.n.01
diet.n.01	hyponyms	low-sodium_diet.n.01
sprawly.s.01	derivationally_related_forms	sprawl.n.02
lobe.n.01	hyponyms	lobule.n.01
physics.n.01	in_topic_domains	field_theory.n.01
diplomat.n.01	instance_hyponyms	genet.n.01
refurbish.v.01	hypernyms	regenerate.v.01
motherhood.n.01	hypernyms	kinship.n.02
call_up.v.05	hypernyms	call.v.05
draco.n.01	instance_hypernyms	lawgiver.n.01
asterid_dicot_genus.n.01	hyponyms	genus_aeschynanthus.n.01
moor.v.01	hypernyms	fasten.v.01
apposite.s.01	derivationally_related_forms	applicability.n.01
gradual.a.01	similar_tos	bit-by-bit.s.01
thaliacea.n.01	member_holonyms	urochordata.n.01
classical_mythology.n.01	in_topic_domains	bronze_age.n.02
move.v.15	hyponyms	stalemate.v.01
clean.v.01	verb_groups	houseclean.v.01
adagio.n.01	hypernyms	musical_composition.n.01
python.n.01	hyponyms	indian_python.n.01
scripted.a.01	antonyms	unscripted.a.01
vicarial.a.01	derivationally_related_forms	vicar.n.03
abdominal_cavity.n.01	derivationally_related_forms	abdominal.a.01
talk.v.01	hyponyms	level.v.05
ireland.n.02	part_holonyms	british_isles.n.01
unfasten.v.01	antonyms	fasten.v.01
haul.v.02	derivationally_related_forms	hauling.n.01
fulminate.v.03	derivationally_related_forms	fulmination.n.02
saint.n.01	instance_hyponyms	athanasius.n.01
counterstain.n.01	hypernyms	stain.n.02
stable.a.01	similar_tos	stabilized.s.01
significant.a.01	attributes	significance.n.01
grammatical_relation.n.01	hyponyms	coreference.n.01
destalinize.v.01	antonyms	stalinize.v.01
cantankerous.s.02	derivationally_related_forms	oddity.n.02
reproductive_organ.n.01	part_holonyms	reproductive_system.n.01
partial.a.02	antonyms	impartial.a.01
colorful.a.01	similar_tos	changeable.s.04
slipskin_grape.n.01	hyponyms	fox_grape.n.02
scarred.s.01	similar_tos	marked.a.03
snarl.v.04	hypernyms	complicate.v.01
purification.n.01	hypernyms	cleaning.n.01
secretaryship.n.01	hyponyms	secretary_of_the_navy.n.01
cypriniformes.n.01	member_meronyms	electrophoridae.n.01
soho.n.01	instance_hypernyms	city_district.n.01
herb.n.01	hyponyms	hound's-tongue.n.02
dead.s.10	derivationally_related_forms	stagnate.v.03
coin.v.01	derivationally_related_forms	neologism.n.02
conceptually.r.01	pertainyms	conceptual.s.01
caution.n.01	antonyms	incaution.n.01
bouncy.s.01	derivationally_related_forms	bounce.v.01
mooch.v.01	hyponyms	freeload.v.01
hematocyturia.n.01	hypernyms	hematuria.n.01
pityriasis_rosea.n.01	hypernyms	pityriasis.n.01
discover.v.04	hyponyms	ferret_out.v.01
boxer.n.03	hypernyms	chinese.n.02
libyan_dirham.n.01	part_holonyms	libyan_dinar.n.01
screech.n.01	derivationally_related_forms	shriek.v.01
pasadena.n.01	instance_hypernyms	city.n.01
humanism.n.03	derivationally_related_forms	humanistic.a.02
pantothenic_acid.n.01	hypernyms	b-complex_vitamin.n.01
claim.n.03	derivationally_related_forms	claim.v.03
stone_crab.n.02	part_meronyms	stone_crab.n.01
fisherman's_bend.n.01	hypernyms	knot.n.02
hydrophobic.a.01	derivationally_related_forms	hydrophobicity.n.01
milkwort.n.01	hyponyms	orange_milkwort.n.01
thrust.v.01	hyponyms	force.v.06
collect.n.01	hypernyms	prayer.n.02
east_coast.n.01	instance_hypernyms	geographical_area.n.01
equipment.n.01	hyponyms	photographic_equipment.n.01
frost.n.04	instance_hypernyms	poet.n.01
environmental_condition.n.01	hyponyms	erosion.n.02
stretcher.n.01	hypernyms	framework.n.03
chaperone.v.01	hypernyms	escort.v.01
iliac_vein.n.01	hyponyms	common_iliac_vein.n.01
amaranthine.s.02	similar_tos	immortal.a.01
sink.n.01	hyponyms	kitchen_sink.n.01
stromateidae.n.01	member_meronyms	psenes.n.01
musicality.n.01	hyponyms	melodiousness.n.01
pipe.n.01	hyponyms	meerschaum.n.02
holy_see.n.01	part_meronyms	vatican_city.n.01
four_o'clock.n.01	hyponyms	common_four-o'clock.n.01
berg.n.02	instance_hypernyms	composer.n.01
second.a.02	antonyms	first.a.06
demister.n.01	derivationally_related_forms	demist.v.01
mobcap.n.01	hypernyms	cap.n.01
open.v.06	derivationally_related_forms	opening.n.06
force.n.01	derivationally_related_forms	coerce.v.01
tide.v.03	derivationally_related_forms	tide.n.01
circumscribed.s.01	similar_tos	restricted.a.01
reptile_genus.n.01	hyponyms	scincus.n.01
career_counseling.n.01	hypernyms	guidance.n.01
zeno.n.01	instance_hypernyms	philosopher.n.01
fill.v.01	hyponyms	pad.v.04
visual_communication.n.01	hyponyms	eye_contact.n.01
slanderously.r.01	pertainyms	calumniatory.s.01
physical_rehabilitation.n.01	hypernyms	rehabilitation.n.01
prudhoe_bay.n.01	instance_hypernyms	bay.n.01
estate.n.02	hyponyms	plantation.n.01
walkout.n.02	derivationally_related_forms	walk_out.v.02
discourtesy.n.03	hyponyms	derision.n.02
tug.v.01	hypernyms	attract.v.01
alienating.s.01	similar_tos	antagonistic.a.03
saber.n.01	topic_domains	fencing.n.03
provincial_capital.n.01	instance_hyponyms	winnipeg.n.01
balanchine.n.01	instance_hypernyms	choreographer.n.01
black_rhinoceros.n.01	hypernyms	rhinoceros.n.01
clapperboard.n.01	hypernyms	photographic_equipment.n.01
marriage.n.03	hypernyms	ritual.n.01
shore_patrol.n.01	hypernyms	military_police.n.01
glazed.a.03	similar_tos	glassy.s.03
ratchet.n.01	hypernyms	mechanical_device.n.01
architecture.n.03	in_topic_domains	ramp.v.02
law_enforcement_agency.n.01	hyponyms	bureau_of_alcohol_tobacco_and_firearms.n.01
dramatist.n.01	instance_hyponyms	beckett.n.01
philately.n.01	derivationally_related_forms	philatelist.n.01
electronic_device.n.01	hyponyms	pacemaker.n.03
spider_brake.n.01	member_holonyms	pteris.n.01
sphincter.n.01	hyponyms	physiological_sphincter.n.01
mexico.n.01	part_meronyms	durango.n.01
divided.a.01	similar_tos	bicameral.s.02
quintipara.n.01	hypernyms	mother.n.01
nodular.a.01	pertainyms	nodule.n.01
gregory.n.06	instance_hypernyms	doctor_of_the_church.n.01
mesopotamia.n.01	in_region_domains	dagan.n.01
feverfew.n.01	member_holonyms	tanacetum.n.01
immerse.v.03	hypernyms	enclose.v.03
stay.v.04	hyponyms	bide.v.01
pentatonic_scale.n.01	derivationally_related_forms	pentatonic.a.01
pathology.n.02	hyponyms	coprolalia.n.01
tagasaste.n.01	hypernyms	shrub.n.01
hole.v.02	derivationally_related_forms	hole.n.02
success.n.02	hyponyms	flying_colors.n.01
opening.n.01	derivationally_related_forms	gap.v.01
hare_krishna.n.01	hypernyms	hindu.n.02
centaurea.n.01	member_meronyms	sweet_sultan.n.02
riemann.n.01	derivationally_related_forms	riemannian.a.01
flash.v.01	derivationally_related_forms	twinkle.n.01
mortgage_deed.n.01	hypernyms	deed.n.01
hobart.n.01	part_holonyms	tasmania.n.01
hornfels.n.01	hypernyms	metamorphic_rock.n.01
babbitt.v.01	hypernyms	line.v.02
carbonize.v.01	derivationally_related_forms	carbon.n.01
uglify.v.01	hypernyms	change.v.01
aphorism.n.01	derivationally_related_forms	aphorist.n.01
criminal_court.n.01	hyponyms	night_court.n.01
threskiornithidae.n.01	member_meronyms	threskiornis.n.01
unenforced.a.01	antonyms	enforced.a.01
cubic_yard.n.01	hypernyms	volume_unit.n.01
genus_mimosa.n.01	member_meronyms	mimosa.n.02
treehopper.n.01	member_holonyms	membracidae.n.01
purace.n.01	instance_hypernyms	volcano.n.02
withstander.n.01	derivationally_related_forms	defy.v.01
farming.n.01	hyponyms	truck_farming.n.01
mayeng.n.01	member_holonyms	pterospermum.n.01
eubacteria.n.01	hyponyms	actinomyces.n.01
injure.v.01	hyponyms	traumatize.v.01
titmouse.n.01	hyponyms	chickadee.n.01
available.a.01	attributes	handiness.n.02
draw.n.08	hypernyms	poker.n.02
extraordinary.a.01	also_sees	unusual.a.01
monochamus.n.01	hypernyms	arthropod_genus.n.01
bring_out.v.01	hyponyms	excavate.v.01
katsura_tree.n.01	member_holonyms	cercidiphyllum.n.01
pholiota.n.01	member_holonyms	strophariaceae.n.01
racking.s.01	similar_tos	painful.a.01
revelation.n.04	instance_hypernyms	book.n.10
sciurus.n.01	member_meronyms	eastern_grey_squirrel.n.01
break_dance.v.01	hypernyms	dance.v.02
sweden.n.01	part_meronyms	malmo.n.01
unplanned.a.01	antonyms	planned.a.01
ph.n.01	hyponyms	alkalinity.n.01
heckle.v.02	derivationally_related_forms	heckling.n.01
slow.a.02	antonyms	fast.a.03
unconditional.a.01	also_sees	unqualified.a.01
water_nymph.n.03	topic_domains	greek_mythology.n.01
turn_out.v.02	hypernyms	happen.v.01
dress.n.01	hyponyms	caftan.n.01
stripe.n.05	derivationally_related_forms	streaked.s.01
deadliness.n.01	derivationally_related_forms	deadly.s.06
arthropod_family.n.01	hyponyms	lymantriidae.n.01
burn.v.03	hyponyms	smolder.v.01
electrical_device.n.01	hyponyms	attenuator.n.01
double_time.n.01	hypernyms	pace.n.01
catawba.n.01	hypernyms	sioux.n.01
haitian_centime.n.01	hypernyms	centime.n.01
calcium_blocker.n.01	hyponyms	verapamil.n.01
falsify.v.01	derivationally_related_forms	falsity.n.01
axile.a.01	pertainyms	axis.n.02
stretching.n.01	hypernyms	expansion.n.01
genus_heliophila.n.01	member_holonyms	cruciferae.n.01
telanthera.n.01	member_holonyms	amaranthaceae.n.01
calendar.v.01	derivationally_related_forms	calendar.n.02
connection.n.08	hypernyms	transportation.n.02
mother.n.04	hypernyms	abbess.n.01
loan.n.01	hyponyms	call_loan.n.01
appointee.n.01	derivationally_related_forms	appoint.v.02
grey_market.n.01	hypernyms	market.n.01
pusillanimous.s.01	derivationally_related_forms	pusillanimity.n.01
specialization.n.01	hypernyms	change_of_state.n.01
cement.v.03	derivationally_related_forms	cement.n.04
output.v.01	derivationally_related_forms	end_product.n.01
estivation.n.01	derivationally_related_forms	estivate.v.01
paternoster.n.02	hypernyms	elevator.n.01
pennoncel.n.01	hypernyms	pennant.n.03
garment.n.01	hyponyms	diaper.n.01
albacore.n.02	hypernyms	tuna.n.03
baseball.n.01	in_topic_domains	fly.n.04
highland.n.01	instance_hyponyms	highlands.n.01
attainable.s.01	similar_tos	possible.a.01
push.v.01	hypernyms	move.v.02
lurk.v.01	derivationally_related_forms	lurker.n.01
isomeric.a.01	derivationally_related_forms	isomer.n.01
steady_state_theory.n.01	hypernyms	scientific_theory.n.01
alliterate.v.01	derivationally_related_forms	alliterator.n.01
surveying.n.01	hypernyms	measurement.n.01
devise.v.03	derivationally_related_forms	devise.n.01
naticidae.n.01	member_meronyms	moon_shell.n.01
fish_genus.n.01	hyponyms	paprilus.n.01
octet.n.04	hypernyms	gathering.n.01
homeowner.n.01	derivationally_related_forms	family.n.01
general_election.n.01	hypernyms	election.n.01
internasal_suture.n.01	hypernyms	suture.n.01
geophysics.n.01	hyponyms	seismology.n.01
tanga.n.01	hypernyms	tajikistani_monetary_unit.n.01
kapeika.n.01	hypernyms	belarusian_monetary_unit.n.01
cruise.v.03	hypernyms	search.v.02
halloo.n.01	derivationally_related_forms	halloo.v.02
reticulation.n.02	derivationally_related_forms	reticulate.v.01
salix.n.01	member_meronyms	bay_willow.n.01
jigsaw_puzzle.n.01	hypernyms	puzzle.n.02
monologist.n.01	hypernyms	performer.n.01
week.n.01	part_meronyms	weekend.n.01
animal_virus.n.01	hyponyms	poxvirus.n.01
imam.n.01	topic_domains	islam.n.02
fast.a.01	similar_tos	immediate.s.05
running_suit.n.01	hypernyms	sportswear.n.01
hoe_handle.n.01	hypernyms	handle.n.01
gel.n.01	derivationally_related_forms	gel.v.01
shower_curtain.n.01	part_holonyms	shower_stall.n.01
turn.v.09	hypernyms	move.v.03
nilgiri_hills.n.01	instance_hypernyms	hill.n.01
wet.v.01	hyponyms	douse.v.02
facial.a.01	derivationally_related_forms	facial.n.01
reorient.v.03	hyponyms	skew.v.01
deed.n.01	hyponyms	deed_poll.n.01
sauce.n.01	hyponyms	cocktail_sauce.n.01
point_of_view.n.02	hyponyms	camera_angle.n.01
forsythia.n.01	hypernyms	shrub.n.01
schoolteacher.n.01	hypernyms	teacher.n.01
old_catholic.n.01	member_holonyms	old_catholic_church.n.01
fretful.s.02	derivationally_related_forms	querulousness.n.01
dentistry.n.01	in_topic_domains	impression.n.07
assertion.n.01	derivationally_related_forms	affirm.v.02
deviate.v.03	hyponyms	shunt.v.02
asian.a.01	derivationally_related_forms	asia.n.02
buttoned.a.01	similar_tos	botonee.s.01
differentiate.v.04	hypernyms	develop.v.10
assert.v.01	derivationally_related_forms	affirmable.s.01
guide.v.04	derivationally_related_forms	guide.n.02
porch.n.01	hyponyms	back_porch.n.01
beetle.n.01	hypernyms	insect.n.01
knife.v.01	derivationally_related_forms	stab.n.02
plug.n.01	hyponyms	fipple.n.01
writer.n.01	hyponyms	contributor.n.02
realistic.a.01	also_sees	possible.a.01
sunset.n.01	antonyms	dawn.n.01
butyl.n.01	derivationally_related_forms	butylate.v.01
prickly_pear.n.01	hyponyms	tuna.n.01
chile.n.01	part_meronyms	gran_santiago.n.01
waterpower.n.01	hypernyms	power.n.02
gentianales.n.01	member_meronyms	gentianaceae.n.01
neologism.n.02	hypernyms	invention.n.03
aeolian.a.01	pertainyms	aeolus.n.01
milhaud.n.01	instance_hypernyms	composer.n.01
argonaut.n.01	hypernyms	adventurer.n.01
nitrous_oxide.n.01	substance_meronyms	ammonium_nitrate.n.01
culture.n.06	hypernyms	attitude.n.01
susceptible.a.01	similar_tos	capable.s.02
ancient.s.02	derivationally_related_forms	ancient.n.01
regur.n.01	hypernyms	loam.n.01
silt_up.v.01	hypernyms	clog.v.01
shrub.n.01	hyponyms	corkwood.n.01
incorrectly.r.02	pertainyms	faulty.s.02
palestine.n.01	in_region_domains	al-fatah.n.01
confidence_man.n.01	hypernyms	swindler.n.01
official.a.01	similar_tos	formalized.s.02
sound.v.02	hyponyms	whish.v.01
parallelepiped.n.01	hypernyms	prism.n.01
intuition.n.01	hyponyms	insight.n.04
imperialist.n.01	hypernyms	believer.n.01
begin.v.03	hyponyms	recommence.v.01
suffocation.n.02	derivationally_related_forms	suffocate.v.05
root.n.01	part_meronyms	root_cap.n.01
lounge.n.02	hypernyms	room.n.01
end.n.07	derivationally_related_forms	end.v.01
nerves.n.02	hypernyms	self-control.n.02
advocate.n.01	hyponyms	ritualist.n.01
garment.n.01	hyponyms	head_covering.n.01
touch.v.05	hyponyms	border.v.05
lock.n.04	part_holonyms	canal.n.03
furniture_company.n.01	hypernyms	company.n.01
antedonidae.n.01	hyponyms	comatulidae.n.01
major.a.06	antonyms	minor.a.06
electrical_phenomenon.n.01	hyponyms	conductance.n.01
simple.a.06	similar_tos	pandurate.s.01
sticks_and_stone.n.01	hypernyms	building_material.n.01
canto.n.02	part_holonyms	poem.n.01
protein.n.01	hyponyms	opsin.n.01
phrase.n.01	hyponyms	prepositional_phrase.n.01
selectivity.n.01	hypernyms	property.n.02
pitcher_sage.n.02	member_holonyms	lepechinia.n.01
round.a.01	also_sees	rounded.a.01
increase.n.05	hyponyms	intensification.n.02
buy.v.01	hyponyms	take_over.v.05
dialectic.a.01	pertainyms	dialectic.n.01
geneticist.n.01	instance_hyponyms	cline.n.01
hydrocyanic_acid.n.01	hypernyms	acid.n.01
rattrap.n.03	hypernyms	trap.n.01
heliosphere.n.01	hypernyms	region.n.01
alder_blight.n.01	hypernyms	blight.n.02
affected.a.02	similar_tos	plummy.s.02
growth.n.06	hyponyms	hamartoma.n.01
incandescence.n.01	derivationally_related_forms	incandesce.v.01
gallop.n.01	hypernyms	gait.n.02
latimeria.n.01	member_meronyms	coelacanth.n.01
application.n.01	hyponyms	technology.n.01
hang.v.13	verb_groups	hang.v.14
paint.n.01	hypernyms	coating.n.01
infernal.a.01	derivationally_related_forms	hell.n.03
asterid_dicot_genus.n.01	hyponyms	lycopersicon.n.01
salamandra.n.01	member_holonyms	salamandridae.n.01
sandwich.n.01	hyponyms	wrap.n.02
eat_in.v.01	hypernyms	eat.v.02
line_of_control.n.01	part_holonyms	kashmir.n.01
tension.n.02	derivationally_related_forms	tense.v.03
memory_image.n.01	hyponyms	memory_picture.n.01
law.n.02	hyponyms	prohibition.n.01
bone_oil.n.02	hypernyms	animal_oil.n.01
race.v.02	derivationally_related_forms	race.n.01
be_born.v.01	hyponyms	reincarnate.v.01
suicide.n.01	hyponyms	felo-de-se.n.02
familiar.s.04	derivationally_related_forms	familiarity.n.03
saint_john.n.02	instance_hypernyms	river.n.01
cherubini.n.01	instance_hypernyms	composer.n.01
critic.n.03	derivationally_related_forms	critical.a.01
mantled_ground_squirrel.n.01	hypernyms	ground_squirrel.n.02
wild_rice.n.02	part_holonyms	wild_rice.n.01
aircrewman.n.01	hyponyms	navigator.n.02
wintergreen.n.01	hypernyms	herb.n.01
harmonize.v.01	derivationally_related_forms	accordant.a.01
amyxia.n.01	hypernyms	physical_condition.n.01
shrub.n.01	hyponyms	staff_tree.n.01
driftfish.n.01	member_holonyms	ariomma.n.01
ester.n.01	hyponyms	polyester.n.02
specially.r.01	pertainyms	especial.s.01
tractable.a.01	also_sees	docile.a.01
great_ape.n.01	hypernyms	anthropoid_ape.n.01
promptness.n.01	hypernyms	celerity.n.01
time_unit.n.01	hyponyms	nanosecond.n.01
dream.n.01	hypernyms	imagination.n.02
mustela.n.01	member_meronyms	weasel.n.02
rod.n.05	hypernyms	visual_cell.n.01
kalmia.n.01	hyponyms	swamp_laurel.n.01
retama.n.01	hypernyms	rosid_dicot_genus.n.01
dissolve.v.08	hypernyms	disintegrate.v.01
emotionality.n.01	attributes	cold.a.02
adiposity.n.01	hypernyms	fatness.n.01
insensible.s.04	similar_tos	unconscious.a.01
animal_order.n.01	hyponyms	ostracodermi.n.01
broadcasting_station.n.01	hypernyms	station.n.01
playing_card.n.01	hyponyms	gaming_card.n.01
duration.n.01	hyponyms	longueur.n.01
divide.v.01	hyponyms	parcel.v.01
adenanthera.n.01	member_meronyms	coralwood.n.01
hit.v.01	hyponyms	fly.v.13
canola_oil.n.01	substance_meronyms	oleic_acid.n.01
monopteral.s.01	similar_tos	peripteral.a.01
privet.n.01	hyponyms	california_privet.n.01
utter.v.04	derivationally_related_forms	utterer.n.02
creosote.v.01	hypernyms	process.v.01
anthropology.n.01	hyponyms	archeology.n.01
presidential.a.01	derivationally_related_forms	president.n.03
hankering.n.01	derivationally_related_forms	hanker.v.01
voter.n.01	hyponyms	floater.n.05
resolution.n.09	antonyms	preparation.n.05
bon_mot.n.01	hypernyms	wit.n.01
infant_feeding.n.01	hypernyms	feeding.n.02
austria.n.01	instance_hypernyms	european_country.n.01
brush_discharge.n.01	hypernyms	discharge.n.05
alteration.n.02	hyponyms	adaptation.n.03
balzac.n.01	instance_hypernyms	novelist.n.01
embroidery.n.02	derivationally_related_forms	embroider.v.01
incidental_expense.n.01	hypernyms	expense.n.03
webworm.n.01	hyponyms	fall_webworm.n.01
castor_bean.n.01	part_holonyms	castor-oil_plant.n.01
end.v.02	hyponyms	complete.v.01
almond.n.02	hypernyms	edible_nut.n.01
maturity.n.02	derivationally_related_forms	fledged.a.01
droop.v.02	derivationally_related_forms	sag.n.01
stinger.n.02	hypernyms	abuse.n.02
agent.n.01	hypernyms	causal_agent.n.01
hit.v.03	hyponyms	kick.v.03
hemisphere.n.01	hyponyms	eastern_hemisphere.n.01
american_state.n.01	instance_hyponyms	new_hampshire.n.01
deprecative.s.02	similar_tos	critical.a.01
coat.v.01	hyponyms	bonderize.v.01
pusan.n.01	part_holonyms	south_korea.n.01
capsule.n.02	derivationally_related_forms	capsular.a.02
low_beam.n.01	hypernyms	beam.n.04
penalty.n.02	hypernyms	payment.n.01
large.a.01	similar_tos	rangy.s.03
stiffen.v.01	derivationally_related_forms	stiffening.n.01
fish_genus.n.01	hyponyms	tinca.n.01
personality.n.01	hyponyms	personableness.n.01
chemical.n.01	hyponyms	reactant.n.01
phonology.n.01	topic_domains	linguistics.n.01
neutron_star.n.01	hypernyms	star.n.01
grain.n.07	hyponyms	barleycorn.n.01
changed.s.03	similar_tos	metamorphic.a.02
passive_resistance.n.01	hyponyms	satyagraha.n.01
reminder.n.02	hyponyms	memento_mori.n.01
watch.v.06	derivationally_related_forms	watch.n.03
playful.a.01	attributes	playfulness.n.02
animal_order.n.01	hyponyms	chelonethida.n.01
be.v.01	hyponyms	go.v.10
carthusian.n.01	member_holonyms	carthusian_order.n.01
channel_islands_national_park.n.01	instance_hypernyms	national_park.n.01
mug.n.04	part_meronyms	handle.n.01
roman_alphabet.n.01	member_meronyms	a.n.06
level.v.01	hypernyms	aim.v.01
spread.n.08	hypernyms	girth.n.01
ptyalin.n.01	substance_holonyms	saliva.n.01
hearsay_evidence.n.01	topic_domains	law.n.01
menage_a_trois.n.01	hypernyms	family.n.01
logician.n.01	derivationally_related_forms	logic.n.01
ask.v.03	derivationally_related_forms	requirement.n.01
instructional.a.01	pertainyms	teaching.n.01
optimism.n.02	antonyms	pessimism.n.02
impressionist.a.01	derivationally_related_forms	impression.n.08
mellowing.n.01	derivationally_related_forms	mellow.v.03
excavation.n.03	hyponyms	diggings.n.01
away_game.n.01	antonyms	home_game.n.01
young_mammal.n.01	member_holonyms	mammalia.n.01
modulation.n.04	derivationally_related_forms	tone.v.02
kaleidoscope.n.01	hypernyms	form.n.03
navigational_instrument.n.01	hyponyms	inclinometer.n.01
pakistani.a.01	derivationally_related_forms	pakistani.n.01
sunlight.n.01	part_meronyms	sunbeam.n.01
mammal_genus.n.01	hyponyms	viverricula.n.01
arm.n.04	hyponyms	writing_arm.n.01
gospel.n.01	part_holonyms	new_testament.n.01
genus_albizia.n.01	hypernyms	rosid_dicot_genus.n.01
condemn.v.04	hypernyms	attest.v.01
wifely.a.01	derivationally_related_forms	uxor.n.01
green_algae.n.01	hyponyms	pond_scum.n.01
homarus.n.01	member_meronyms	european_lobster.n.02
filter.v.01	hypernyms	separate.v.05
scallop.v.05	derivationally_related_forms	scallop.n.01
amethyst.n.01	hypernyms	quartz.n.02
healthful.a.01	similar_tos	good.s.18
movie.n.01	part_meronyms	credit.n.08
biochemist.n.01	instance_hyponyms	hopkins.n.04
comprehension.n.01	derivationally_related_forms	perceive.v.01
spotted_salamander.n.02	member_holonyms	salamandra.n.01
convincing.a.01	similar_tos	disenchanting.s.01
niqab.n.01	hypernyms	face_veil.n.01
articulated.a.01	similar_tos	jointed.s.01
argument.n.01	hyponyms	con.n.01
saturated.a.02	topic_domains	chemistry.n.01
baluster.n.01	part_holonyms	bannister.n.02
danseur.n.01	hypernyms	ballet_dancer.n.01
turn.v.17	hypernyms	do.v.03
church_key.n.01	hypernyms	can_opener.n.01
wise.n.01	hypernyms	manner.n.01
brenner_pass.n.01	instance_hypernyms	pass.n.04
puffy.s.02	derivationally_related_forms	swell.v.03
varna.n.02	hyponyms	rajanya.n.01
geographical_area.n.01	instance_hyponyms	thuringia.n.01
mapmaking.n.01	derivationally_related_forms	cartographer.n.01
sticky.s.05	derivationally_related_forms	stickiness.n.01
conjunctival.a.01	derivationally_related_forms	conjunctiva.n.01
troglodytidae.n.01	member_meronyms	troglodytes.n.01
haploid.n.01	topic_domains	genetics.n.01
afghan.n.02	hyponyms	pathan.n.01
sour.v.01	derivationally_related_forms	ferment.n.02
actium.n.01	instance_hypernyms	town.n.01
blunder.n.01	derivationally_related_forms	botchy.s.01
actor.n.01	instance_hyponyms	hoffman.n.02
lombard_street.n.01	part_holonyms	london.n.01
lysogenize.v.01	derivationally_related_forms	lysogenization.n.01
use.v.01	hyponyms	cannibalize.v.02
refine.v.04	derivationally_related_forms	refiner.n.01
city.n.01	instance_hyponyms	detroit.n.01
chromatic.a.03	similar_tos	avocado.s.01
endogamy.n.01	antonyms	exogamy.n.01
scientist.n.01	hyponyms	social_scientist.n.01
thornless.s.01	similar_tos	unarmed.a.02
swerve.v.01	hyponyms	yaw.v.03
pronouncement.n.01	derivationally_related_forms	pronounce.v.02
law.n.01	in_topic_domains	citation.n.02
dusky_salamander.n.01	member_holonyms	desmograthus.n.01
speechless.s.01	similar_tos	inarticulate.a.01
kabbalah.n.02	topic_domains	judaism.n.02
wet.v.01	derivationally_related_forms	wetting.n.01
unpaid.a.01	similar_tos	outstanding.s.03
insole.n.01	part_holonyms	boot.n.01
indiscipline.n.01	hyponyms	dissoluteness.n.01
shoe.n.01	hyponyms	walker.n.04
consumer_credit.n.01	hyponyms	home_loan.n.01
engineer.n.01	hyponyms	automotive_engineer.n.01
nordic.s.03	similar_tos	blond.a.01
electronics.n.01	in_topic_domains	modulation.n.02
shrub.n.01	hyponyms	shrublet.n.01
eriocaulaceae.n.01	member_meronyms	eriocaulon.n.01
appear.v.04	hyponyms	seem.v.04
sitting_trot.n.01	antonyms	rising_trot.n.01
quality.n.01	hyponyms	hot_stuff.n.01
latent_hostility.n.01	hypernyms	hostility.n.02
loser.n.03	derivationally_related_forms	lose.v.06
imperial.a.03	derivationally_related_forms	empire.n.01
priest.n.02	instance_hyponyms	ezra.n.01
mint.n.02	hyponyms	horsemint.n.03
castoridae.n.01	member_holonyms	sciuromorpha.n.01
mythical_being.n.01	instance_hyponyms	patroclus.n.01
battery.n.02	part_meronyms	terminal.n.02
galois.n.01	instance_hypernyms	mathematician.n.01
port.n.01	instance_hyponyms	baku.n.01
hammy.s.01	similar_tos	dramatic.a.01
soil_conditioner.n.01	hypernyms	chemical.n.01
organ.n.01	hyponyms	organelle.n.01
protest.v.02	hyponyms	demonstrate.v.04
decidua.n.01	substance_holonyms	endometrium.n.01
dish.n.02	hyponyms	risotto.n.01
duffel.n.02	hypernyms	fabric.n.01
naucrates.n.01	member_holonyms	carangidae.n.01
mosaic.n.04	hypernyms	form.n.03
exultation.n.01	hyponyms	triumph.n.02
brooklyn.n.01	part_holonyms	new_york.n.01
scenery.n.01	hypernyms	stage_set.n.01
cutter.n.02	hypernyms	diner.n.01
property.n.02	hyponyms	temporal_property.n.01
filicopsida.n.01	member_meronyms	dryopteridaceae.n.01
roe.n.01	hyponyms	shad_roe.n.01
pneumococcus.n.01	derivationally_related_forms	pneumococcal.a.01
inscribe.v.03	hypernyms	trace.v.02
number.v.02	derivationally_related_forms	number.n.02
streetcar.n.01	hyponyms	horsecar.n.01
rotate.v.04	verb_groups	revolve.v.01
vocal_cord.n.01	hypernyms	fold.n.05
larval.s.01	similar_tos	immature.a.04
jordan.n.01	part_holonyms	palestine.n.02
knoll.n.01	hypernyms	hill.n.01
adjunct.n.03	hyponyms	parenthetical_expression.n.01
japanese_cedar.n.01	member_holonyms	cryptomeria.n.01
unevenly.r.01	pertainyms	uneven.a.01
pass.v.22	hyponyms	cycle.v.01
foundation.n.03	derivationally_related_forms	basal.s.03
enjoy.v.01	hyponyms	devour.v.02
superb.s.02	similar_tos	good.a.01
poison_ivy.n.01	hypernyms	rhus_dermatitis.n.01
duty.n.02	hyponyms	assignment.n.01
dorado.n.01	instance_hypernyms	constellation.n.02
fluster.v.02	hypernyms	confuse.v.03
skilled_worker.n.01	hyponyms	editor.n.01
walking_shoe.n.01	hypernyms	shoe.n.01
glory_hole.n.01	hypernyms	cabinet.n.03
hexahedron.n.01	hyponyms	rhombohedron.n.01
hamamelidae.n.01	member_holonyms	dicotyledones.n.01
airborne.s.01	similar_tos	mobile.a.02
analogous.s.01	derivationally_related_forms	match.v.01
animal.n.01	hyponyms	prey.n.02
mathematician.n.01	hyponyms	algebraist.n.01
tab_key.n.01	part_holonyms	typewriter_keyboard.n.01
communications.n.01	hypernyms	discipline.n.01
wall.n.01	hyponyms	parapet.n.01
springy.s.02	similar_tos	active.a.07
unleaded.a.01	similar_tos	lead-free.s.01
harmful.a.01	similar_tos	ill.s.02
oscine.n.01	hyponyms	catbird.n.02
gumbo.n.01	hypernyms	soil.n.02
counterintelligence.n.01	hypernyms	intelligence.n.05
captive.s.02	derivationally_related_forms	intentness.n.01
nepidae.n.01	member_meronyms	ranatra.n.01
distillate.n.01	derivationally_related_forms	distill.v.02
omnibus.n.01	hypernyms	anthology.n.01
reality_principle.n.01	hypernyms	principle.n.03
garden_strawberry.n.01	part_meronyms	strawberry.n.01
drowse.v.02	derivationally_related_forms	doze.n.01
digit.n.01	hyponyms	significant_digit.n.01
temperance.n.01	hyponyms	sobriety.n.02
financier.n.01	derivationally_related_forms	financier.v.01
new_testament.n.01	in_topic_domains	joseph.n.03
trip.v.04	derivationally_related_forms	trigger.n.03
extrasensory.a.01	similar_tos	telegnostic.s.01
business.n.06	topic_domains	commercial_enterprise.n.02
warehouse.v.01	derivationally_related_forms	warehouse.n.01
basic_training.n.01	hypernyms	military_training.n.01
albitic.a.01	pertainyms	albite.n.01
obtuse_angle.n.01	hypernyms	oblique_angle.n.01
groundfish.n.01	hypernyms	food_fish.n.01
matterhorn.n.01	part_holonyms	alps.n.01
chukaku-ha.n.01	instance_hypernyms	terrorist_organization.n.01
fossilization.n.01	hyponyms	petrifaction.n.01
anesthesia.n.01	hyponyms	topical_anesthesia.n.01
designation.n.03	hyponyms	diagnosis.n.01
whitefly.n.01	hyponyms	sweet-potato_whitefly.n.01
openness.n.02	derivationally_related_forms	candid.s.03
abbey.n.01	derivationally_related_forms	abbatial.a.01
issue.v.04	derivationally_related_forms	exit.n.01
unpleasant.a.01	similar_tos	unpleasing.s.01
telephone_system.n.01	hypernyms	communication_system.n.01
injury.n.01	hyponyms	burn.n.03
sacred_cow.n.01	hypernyms	important_person.n.01
crooning.n.02	hypernyms	singing.n.01
observe.v.06	derivationally_related_forms	celebration.n.02
bending.n.01	hyponyms	deflection.n.02
pope.n.01	instance_hyponyms	paul_iii.n.01
wombat.n.01	hypernyms	marsupial.n.01
turnery.n.01	hypernyms	workshop.n.01
american_parasol.n.01	hypernyms	lepiota.n.01
rose_window.n.01	hypernyms	window.n.01
north.a.01	similar_tos	northeastward.s.01
lever_lock.n.01	hypernyms	lock.n.01
lard_oil.n.01	hypernyms	animal_oil.n.01
advance.v.11	hypernyms	set.v.08
elanus.n.01	member_meronyms	white-tailed_kite.n.01
seasoned.s.02	similar_tos	experienced.a.01
closing.n.03	derivationally_related_forms	close.v.12
adjunct.n.02	hypernyms	associate.n.01
bird.n.02	hyponyms	wildfowl.n.01
disparage.v.01	hyponyms	discredit.v.02
decameter.n.01	part_holonyms	hectometer.n.01
fish_family.n.01	hyponyms	esocidae.n.01
dilleniid_dicot_genus.n.01	hyponyms	capparis.n.01
self-destruct.v.01	derivationally_related_forms	self-destruction.n.02
compound_lens.n.01	hypernyms	lens.n.01
shrub.n.01	hyponyms	day_jessamine.n.01
celebration.n.03	derivationally_related_forms	solemnize.v.01
brave.a.01	derivationally_related_forms	courage.n.01
fine.n.01	derivationally_related_forms	amerce.v.02
australopithecine.a.01	pertainyms	genus_australopithecus.n.01
coastguardsman.n.01	member_holonyms	coastguard.n.01
hypertonicity.n.01	hypernyms	osmotic_pressure.n.01
gram-negative.s.01	topic_domains	bacteria.n.01
devitrify.v.02	hypernyms	embrittle.v.01
fitted_out.s.02	similar_tos	furnished.a.01
redundancy.n.03	hypernyms	configuration.n.01
decrease.v.02	hypernyms	change.v.01
leafed.s.01	similar_tos	leafy.a.01
cutaneous_sensation.n.01	hyponyms	itch.n.03
genus_mycobacterium.n.01	member_meronyms	mycobacteria.n.01
processing_time.n.01	hyponyms	command_processing_overhead_time.n.01
diplomatic.a.01	derivationally_related_forms	diplomacy.n.01
computer_science.n.01	in_topic_domains	stovepiped.a.01
compassion.n.01	hypernyms	sympathy.n.02
frivolous.a.01	similar_tos	airheaded.s.01
reconciliation.n.01	derivationally_related_forms	reconcile.v.03
grocery.n.02	hypernyms	consumer_goods.n.01
evangelize.v.02	hypernyms	convert.v.05
anticipant.s.01	derivationally_related_forms	expect.v.03
agency.n.03	derivationally_related_forms	agent.n.01
grandmaster.n.01	hyponyms	international_grandmaster.n.01
argentine.a.01	derivationally_related_forms	argentina.n.01
dissimilarity.n.01	hypernyms	difference.n.01
dedifferentiation.n.01	derivationally_related_forms	dedifferentiate.v.01
flush.n.06	derivationally_related_forms	spurt.v.01
gossip.n.02	hypernyms	report.n.02
cibotium.n.01	member_holonyms	dicksoniaceae.n.01
purulent.s.01	derivationally_related_forms	purulence.n.01
broadcloth.n.02	hypernyms	fabric.n.01
spoon.n.02	derivationally_related_forms	spoon.v.01
australopithecine.n.01	hypernyms	hominid.n.01
extremity.n.01	hyponyms	fang.n.02
national.n.01	derivationally_related_forms	subject.s.02
archive.v.01	derivationally_related_forms	archive.n.01
ambivalence.n.01	hyponyms	conflict.n.02
suillus_albivelatus.n.01	hypernyms	bolete.n.01
general.s.02	derivationally_related_forms	generalization.n.02
mitosis.n.01	part_meronyms	karyokinesis.n.01
ceremonious.s.02	similar_tos	formal.a.01
cardinal.a.02	similar_tos	eighty-three.s.01
high_sea.n.01	hypernyms	body_of_water.n.01
change_hands.v.01	hyponyms	vest.v.03
change.v.01	hyponyms	extend.v.09
serviceable.a.01	derivationally_related_forms	serviceability.n.01
parry.v.01	derivationally_related_forms	blockage.n.03
name.n.01	hyponyms	middle_name.n.01
zooid.n.01	hypernyms	organism.n.01
town.n.01	instance_hyponyms	lufkin.n.01
stockinette_stitch.n.01	hypernyms	knitting_stitch.n.01
puncture.v.01	hypernyms	pierce.v.05
politician.n.02	instance_hyponyms	clay.n.04
play.v.09	derivationally_related_forms	shimmer.n.01
routine.n.01	hyponyms	rut.n.02
goethe.n.01	instance_hypernyms	novelist.n.01
bittercress.n.01	member_holonyms	cardamine.n.01
victoria_sandwich.n.01	hypernyms	cake.n.03
le_chatelier.n.01	instance_hypernyms	chemist.n.01
novelty.n.02	hypernyms	originality.n.01
mandate.v.01	derivationally_related_forms	mandate.n.03
class.n.07	hyponyms	ascomycetes.n.01
commander.n.02	hypernyms	leader.n.01
homeopathic.a.01	pertainyms	homeopathy.n.01
unhappiness.n.02	hyponyms	sadness.n.02
inconsistently.r.01	pertainyms	inconsistent.a.01
neo-darwinism.n.01	hypernyms	darwinism.n.01
catharsis.n.02	hypernyms	purge.n.02
droplet.n.01	derivationally_related_forms	drop.n.01
mire.v.02	derivationally_related_forms	mire.n.01
pinnate_leaf.n.01	hyponyms	bijugate_leaf.n.01
knife.n.01	hyponyms	case_knife.n.02
gene_expression.n.01	hypernyms	organic_phenomenon.n.01
chortle.n.01	derivationally_related_forms	chuckle.v.01
unmistakably.r.01	pertainyms	unmistakable.s.01
episcopal_church.n.02	hypernyms	anglican_church.n.01
apodiformes.n.01	member_holonyms	aves.n.01
call_option.n.02	hypernyms	option.n.01
sting.n.03	hypernyms	injury.n.01
ordinal.a.02	similar_tos	first.s.02
autonomous.s.01	derivationally_related_forms	autonomy.n.01
class.n.07	hyponyms	pyrenomycetes.n.01
thymus_gland.n.01	part_holonyms	immune_system.n.01
greediness.n.02	hypernyms	selfishness.n.01
reading_clinic.n.01	hypernyms	clinic.n.02
proposal.n.03	hyponyms	presentation.n.04
gymnosperm_genus.n.01	hypernyms	genus.n.02
sad.s.02	similar_tos	sorrowful.a.01
plainsman.n.01	region_domains	north_america.n.01
polypore.n.01	hyponyms	neolentinus_ponderosus.n.01
anemia.n.01	hyponyms	hypochromic_anemia.n.01
whistle.v.05	derivationally_related_forms	whistle.n.01
crabbed.s.01	similar_tos	ill-natured.a.01
clematis.n.01	hyponyms	pine_hyacinth.n.01
auditory_apparatus.n.01	topic_domains	otology.n.01
chunky.s.01	similar_tos	unshapely.a.01
ascertainable.s.01	derivationally_related_forms	determine.v.01
blenniidae.n.01	member_meronyms	blennius.n.01
invade.v.03	derivationally_related_forms	infestation.n.01
seller.n.01	hyponyms	dealer.n.03
translation.n.01	derivationally_related_forms	translate.v.07
hispid.s.01	topic_domains	plant.n.02
river.n.01	instance_hyponyms	lena.n.01
illness.n.01	hyponyms	toxemia_of_pregnancy.n.01
polypody.n.01	hyponyms	grey_polypody.n.01
perdurability.n.01	derivationally_related_forms	durable.s.03
henry.n.01	hypernyms	inductance_unit.n.01
resource.n.01	hyponyms	natural_resource.n.01
grounder.n.01	derivationally_related_forms	ground.v.08
stock.v.03	verb_groups	stock.v.04
break.v.08	hypernyms	disperse.v.04
vocalize.v.05	derivationally_related_forms	utterer.n.01
circularize.v.05	derivationally_related_forms	round.a.01
visual_percept.n.01	hyponyms	field.n.16
russian_revolution.n.01	region_domains	soviet_union.n.01
date.v.05	derivationally_related_forms	date.n.01
arrange.v.01	hyponyms	pyramid.v.03
laborer.n.01	hyponyms	bracero.n.01
soporific.n.01	derivationally_related_forms	narcotic.s.03
wimbledon.n.01	instance_hypernyms	suburb.n.01
asterid_dicot_genus.n.01	hyponyms	viburnum.n.01
predominate.v.01	hyponyms	preponderate.v.01
magnetic_bottle.n.01	hypernyms	container.n.01
big_shot.n.01	hypernyms	important_person.n.01
huckleberry_oak.n.01	hypernyms	shrub.n.01
euphorbiaceae.n.01	member_meronyms	sebastiana.n.01
andes.n.01	part_meronyms	el_muerto.n.01
feather.n.01	hyponyms	down.n.01
subordinate_clause.n.01	hyponyms	nonrestrictive_clause.n.01
centimeter.n.01	part_meronyms	millimeter.n.01
diathermy.n.01	hypernyms	modality.n.04
indian_tobacco.n.02	hypernyms	lobelia.n.01
contingency.n.02	hypernyms	dependence.n.01
oahu.n.01	part_meronyms	waikiki.n.01
feather.n.01	derivationally_related_forms	preen.v.01
cycle.v.05	derivationally_related_forms	cycle.n.03
negative.a.01	similar_tos	antagonistic.s.01
prove.v.02	derivationally_related_forms	demonstrative.s.02
dense.s.04	derivationally_related_forms	awkwardness.n.01
river.n.01	instance_hyponyms	republican.n.03
punitive.a.01	similar_tos	penal.s.02
pediculidae.n.01	hypernyms	arthropod_family.n.01
direction.n.03	hypernyms	inclination.n.01
latin.n.01	hyponyms	romance.n.03
representation.n.01	hyponyms	memory.n.01
selloff.n.01	derivationally_related_forms	sell_off.v.01
arthropod.n.01	hyponyms	tongue_worm.n.01
sri_lanka.n.01	part_meronyms	eelam.n.01
writer.n.01	instance_hyponyms	tarbell.n.01
anemic.a.02	pertainyms	anemia.n.01
writ.n.01	hyponyms	writ_of_election.n.01
emulsify.v.02	antonyms	demulsify.v.02
isolation.n.03	hypernyms	separation.n.05
antibody.n.01	part_meronyms	active_site.n.01
closed-chain.s.01	similar_tos	cyclic.a.03
pine_spittlebug.n.01	hypernyms	spittle_insect.n.01
roofing_material.n.01	hyponyms	tile.n.02
sequence.n.01	hyponyms	combination.n.02
casals.n.01	instance_hypernyms	cellist.n.01
diffident.s.01	similar_tos	reserved.a.02
reptile_genus.n.01	hyponyms	hemachatus.n.01
generic.s.02	topic_domains	drug.n.01
member.n.01	hyponyms	joiner.n.01
baltic_state.n.01	instance_hyponyms	estonia.n.01
padlock.v.01	derivationally_related_forms	padlock.n.01
sangay.n.01	part_holonyms	ecuador.n.01
female.n.01	hyponyms	dam.n.03
operant_conditioning.n.01	hyponyms	instrumental_conditioning.n.01
instrumentation.n.03	hypernyms	musical_arrangement.n.01
pheochromocytoma.n.01	hypernyms	tumor.n.01
grammar.n.01	in_topic_domains	article.n.04
colorist.n.01	derivationally_related_forms	color.v.04
good_humor.n.01	antonyms	ill_humor.n.01
best.a.01	also_sees	incomparable.a.01
esoteric.a.01	also_sees	private.a.01
playground.n.02	hypernyms	yard.n.02
light_unit.n.01	hyponyms	luminous_intensity_unit.n.01
state.n.04	hyponyms	sea_power.n.02
de_saussure.n.01	instance_hypernyms	linguist.n.01
glow.v.01	hypernyms	radiate.v.05
push.n.02	derivationally_related_forms	press.v.11
complement_fixation.n.01	hypernyms	immune_response.n.01
cloth_covering.n.01	hyponyms	cosy.n.01
score.v.02	derivationally_related_forms	scorer.n.02
psittacosis.n.01	hypernyms	animal_disease.n.01
influence.n.04	derivationally_related_forms	influence.v.01
acquirer.n.01	hyponyms	recipient.n.01
chamber.n.01	hyponyms	furnace.n.01
subservience.n.02	derivationally_related_forms	slavish.s.02
dredge.n.01	part_meronyms	scoop.n.05
acrididae.n.01	member_meronyms	melanoplus.n.01
globalize.v.01	derivationally_related_forms	globalization.n.01
rhea.n.01	instance_hypernyms	titaness.n.01
gemara.n.01	instance_hypernyms	sacred_text.n.01
horn_poppy.n.01	hypernyms	flower.n.01
indicator.n.04	hyponyms	absorption_indicator.n.01
felt.v.03	derivationally_related_forms	matting.n.01
idolize.v.01	derivationally_related_forms	paragon.n.01
secret.n.02	hyponyms	esoterica.n.01
parasite.n.01	derivationally_related_forms	parasitic.a.01
pipet.n.01	hypernyms	measuring_instrument.n.01
obscenity.n.02	in_usage_domains	bugger_all.n.01
park.v.01	hypernyms	put.v.01
seclude.v.01	derivationally_related_forms	withdrawal.n.03
color.n.02	attributes	colorful.a.01
solar_system.n.01	hypernyms	system.n.02
sour.a.02	also_sees	soured.a.01
group_action.n.01	hyponyms	military_action.n.01
ineligible.s.02	derivationally_related_forms	ineligibility.n.01
barrio.n.02	hypernyms	urban_area.n.01
taoism.n.04	derivationally_related_forms	taoist.n.01
adhere.v.06	derivationally_related_forms	adherent.s.01
antimeson.n.01	hypernyms	hadron.n.01
hanging.n.01	derivationally_related_forms	hang.v.01
claimant.n.01	hyponyms	pretender.n.01
indigofera.n.01	member_meronyms	indigo.n.02
commerce.n.01	in_topic_domains	import.v.01
far-out.s.01	usage_domains	colloquialism.n.01
failure.n.01	hyponyms	default.n.02
cancerous.s.01	derivationally_related_forms	cancer.n.01
vasodilator.n.01	hyponyms	tolazoline.n.01
hostility.n.03	derivationally_related_forms	hostile.a.01
tendon.n.01	hypernyms	connective_tissue.n.01
superclass.n.01	hypernyms	taxonomic_group.n.01
genus_sorghum.n.01	member_holonyms	gramineae.n.01
absent.a.01	similar_tos	truant.s.01
disclose.v.02	hyponyms	face.v.07
american_football.n.01	in_topic_domains	run.n.05
yam.n.02	part_meronyms	yam.n.01
service_station.n.01	hyponyms	gasoline_station.n.01
wages.n.01	derivationally_related_forms	reward.v.03
reality.n.02	hypernyms	actuality.n.01
paralysis.n.01	hyponyms	hemiplegia.n.01
cervical.a.02	derivationally_related_forms	neck.n.01
brand.n.03	derivationally_related_forms	brand.v.01
ninepins.n.01	hypernyms	bowling.n.01
mothy.s.02	similar_tos	troubled.a.01
kob.n.01	hypernyms	waterbuck.n.01
screen_actor.n.01	hypernyms	actor.n.01
musical_composition.n.01	hyponyms	toccata.n.01
river.n.01	instance_hyponyms	tunguska.n.01
flashiness.n.01	derivationally_related_forms	flashy.s.02
optics.n.01	hyponyms	catoptrics.n.01
support.n.10	hyponyms	yoke.n.05
inform.v.01	hyponyms	wise_up.v.02
stone_marten.n.01	hypernyms	marten.n.01
rounded.a.01	similar_tos	lingulate.s.01
flap.n.01	hyponyms	jag.n.03
paraguay.n.01	instance_hypernyms	south_american_country.n.01
meet.n.01	derivationally_related_forms	meet.v.02
epilepsy.n.01	hypernyms	brain_disorder.n.01
deduction.n.04	derivationally_related_forms	synthetic.a.02
tender.n.04	hypernyms	car.n.02
wildcat.n.03	hyponyms	european_wildcat.n.01
aspidistra.n.01	member_holonyms	genus_aspidistra.n.01
center_punch.v.01	hypernyms	pierce.v.04
grassland.n.01	hyponyms	pasture.n.01
cyrano_de_bergerac.n.01	instance_hypernyms	soldier.n.01
gilder.n.01	derivationally_related_forms	gild.v.01
politician.n.02	instance_hyponyms	mullah_omar.n.01
cushion.n.03	hyponyms	pincushion.n.01
dishy.s.01	usage_domains	colloquialism.n.01
player.n.01	hyponyms	scorer.n.01
ovocon.n.01	substance_meronyms	norethindrone.n.01
honk.v.01	derivationally_related_forms	honker.n.01
propulsion.n.02	hyponyms	push.n.01
moke.n.01	hypernyms	domestic_ass.n.01
earlobe.n.01	part_holonyms	auricle.n.02
sell.v.02	hypernyms	be.v.01
austria.n.01	in_region_domains	wagram.n.02
tropaeolum.n.01	member_meronyms	nasturtium.n.01
country-dance.n.01	hyponyms	promenade.n.03
futures_exchange.n.01	hypernyms	commodity_exchange.n.01
asterid_dicot_genus.n.01	hyponyms	prunella.n.01
grillroom.n.01	derivationally_related_forms	grill.v.01
neuroscientist.n.01	instance_hyponyms	hubel.n.01
procure.v.01	hyponyms	patent.v.01
notice.n.02	derivationally_related_forms	watch.v.02
government.n.02	hyponyms	misgovernment.n.01
cabin_boy.n.01	hypernyms	servant.n.01
graduate.v.02	causes	graduate.v.01
phytohormone.n.01	hyponyms	kinin.n.01
inductance_unit.n.01	hyponyms	abhenry.n.01
courtly.s.01	similar_tos	dignified.a.01
revived.a.01	antonyms	unrevived.a.01
callicebus.n.01	member_meronyms	titi.n.03
caloocan.n.01	part_holonyms	philippines.n.01
number.v.03	hypernyms	name.v.02
cap.n.04	hyponyms	lens_cap.n.01
form.n.08	hyponyms	telegraph_form.n.01
common_shiner.n.01	member_holonyms	notropis.n.01
acceptance.n.05	hypernyms	draft.n.01
glycine.n.02	member_meronyms	soy.n.02
kahane_chai.n.01	topic_domains	terrorism.n.01
genus_coreopsis.n.01	hypernyms	asterid_dicot_genus.n.01
congo_red.n.01	topic_domains	solution.n.01
improvise.v.02	derivationally_related_forms	improvisation.n.02
servant.n.01	hyponyms	servant_girl.n.01
crown_land.n.01	region_domains	united_kingdom.n.01
chemical_reaction.n.01	hyponyms	exothermic_reaction.n.01
common_hop.n.01	hypernyms	hop.n.02
frog.n.01	hyponyms	tree_toad.n.01
law.n.01	in_topic_domains	intervenor.n.01
forfeit.n.01	hypernyms	loss.n.01
industrialize.v.02	derivationally_related_forms	industrialization.n.01
adience.n.01	topic_domains	psychology.n.01
rose_bed.n.01	part_holonyms	rose_garden.n.01
thrombose.v.01	hypernyms	change_state.v.01
nucleoside.n.01	hypernyms	glycoside.n.01
session.n.01	hyponyms	clinic.n.02
organization_of_petroleum-exporting_countries.n.01	member_meronyms	angola.n.01
orchid.n.01	hyponyms	odontoglossum.n.01
deliver.v.01	derivationally_related_forms	presentation.n.04
cataract.n.01	hyponyms	posterior_subcapsular_cataract.n.01
pave.v.01	hyponyms	asphalt.v.01
sentence.n.01	hyponyms	question.n.03
difficulty.n.02	hyponyms	trouble.n.01
arthropod_genus.n.01	hyponyms	tineola.n.01
valley.n.01	instance_hyponyms	san_fernando_valley.n.01
carpobrotus.n.01	member_holonyms	aizoaceae.n.01
pack_of_cards.n.01	member_meronyms	queen.n.07
tee_up.v.01	hypernyms	stage.v.02
expert.n.01	hyponyms	genealogist.n.01
leg.n.03	part_holonyms	cot.n.03
sannup.n.01	hypernyms	amerindian.n.01
aware.a.01	similar_tos	sensible.s.04
set.s.05	similar_tos	down.a.01
person.n.01	hyponyms	termer.n.01
dicot_genus.n.01	hyponyms	cucurbita.n.01
purgatory.n.02	derivationally_related_forms	purgatorial.a.02
philosophical_doctrine.n.01	hyponyms	hereditarianism.n.01
plane_ticket.n.01	hypernyms	ticket.n.01
ceramics.n.01	in_topic_domains	glassy.s.03
past.n.03	hypernyms	tense.n.01
widow.n.01	derivationally_related_forms	widow.v.01
gravity.n.03	derivationally_related_forms	earnest.s.01
division.n.12	hyponyms	septation.n.01
ointment.n.01	hyponyms	mentholated_salve.n.01
marbleize.v.01	derivationally_related_forms	marble.n.01
salpidae.n.01	member_holonyms	thaliacea.n.01
cougar.n.01	member_holonyms	felis.n.01
quira.n.02	hyponyms	panama_redwood_tree.n.01
quest.n.02	hypernyms	search.n.01
grade.v.02	hyponyms	aggrade.v.01
animal_order.n.01	hyponyms	mecoptera.n.01
new.a.01	similar_tos	hot.s.13
rosette.n.01	hypernyms	adornment.n.01
country.n.02	instance_hyponyms	papua_new_guinea.n.01
proud.a.01	antonyms	humble.a.02
ticket_collector.n.01	hypernyms	doorkeeper.n.03
military.n.01	in_topic_domains	base.n.01
miss.v.03	antonyms	attend.v.01
oil.n.01	hyponyms	tall_oil.n.01
unrealistic.a.01	similar_tos	kafkaesque.s.02
flat_pea.n.01	member_holonyms	platylobium.n.01
cervidae.n.01	member_meronyms	rangifer.n.01
malto.n.02	hypernyms	north_dravidian.n.01
throw.v.08	hypernyms	put.v.01
quadrangular.a.01	derivationally_related_forms	quadrilateral.n.01
plop.r.01	usage_domains	colloquialism.n.01
mercantile_law.n.01	topic_domains	law.n.01
diabolism.n.01	derivationally_related_forms	satanist.n.01
alumnus.n.01	derivationally_related_forms	graduate.v.02
kick.n.01	hyponyms	punt.n.03
new_testament.n.01	in_topic_domains	resurrection.n.01
strigidae.n.01	hypernyms	bird_family.n.01
thymus_gland.n.01	hypernyms	endocrine_gland.n.01
fragmentation.n.04	derivationally_related_forms	break_up.v.16
omar_khayyam.n.01	instance_hypernyms	astronomer.n.01
handedness.n.01	hyponyms	left-handedness.n.02
bird_genus.n.01	hyponyms	casmerodius.n.01
kindle.v.02	hyponyms	rekindle.v.01
crack.n.08	hypernyms	cocaine.n.01
lustrate.v.01	hypernyms	purify.v.02
poet.n.01	instance_hyponyms	marini.n.01
yarmulke.n.01	hypernyms	skullcap.n.01
satiate.v.01	derivationally_related_forms	repletion.n.02
laryngopharyngeal.a.01	pertainyms	larynx.n.01
salinate.v.01	antonyms	desalinate.v.01
olive_brown.n.01	hypernyms	brown.n.01
measuring_instrument.n.01	hypernyms	instrument.n.01
tripleurospermum.n.01	member_meronyms	turfing_daisy.n.02
agreement.n.02	derivationally_related_forms	match.v.01
provocative.a.01	derivationally_related_forms	provoke.v.03
start.n.01	derivationally_related_forms	begin.v.02
congressman.n.01	hyponyms	rep.n.01
sceliphron.n.01	member_meronyms	mason_wasp.n.01
erianthus.n.01	member_meronyms	ravenna_grass.n.01
recuse.v.02	derivationally_related_forms	recusation.n.02
induce.v.02	derivationally_related_forms	causing.n.01
bassariscidae.n.01	hypernyms	mammal_family.n.01
solidify.v.02	derivationally_related_forms	solid.n.01
find.v.03	derivationally_related_forms	finder.n.01
bird_genus.n.01	hyponyms	columba.n.02
creativity.n.01	hyponyms	inventiveness.n.01
life_science.n.01	hyponyms	medical_science.n.01
lorry.n.01	hypernyms	wagon.n.01
desperate.n.01	hyponyms	goner.n.01
pneumonia.n.01	hyponyms	pneumococcal_pneumonia.n.01
smut.n.03	hyponyms	bunt.n.03
nebbish.n.01	hypernyms	simpleton.n.01
breakable.a.01	similar_tos	brittle.s.01
ell.n.01	hypernyms	annex.n.01
authoritarian.s.01	derivationally_related_forms	tyrant.n.01
promptly.r.01	pertainyms	quick.s.01
mariner.n.01	hyponyms	able_seaman.n.01
sporting_man.n.01	hyponyms	edwardian.n.01
attack.v.03	derivationally_related_forms	aggression.n.04
verticilliosis.n.01	hypernyms	wilt.n.01
auditory_system.n.01	part_meronyms	acoustic_nerve.n.01
dasyuridae.n.01	member_holonyms	marsupialia.n.01
drill_press.n.01	hypernyms	machine_tool.n.01
lilium.n.01	member_holonyms	liliaceae.n.01
popular.a.01	derivationally_related_forms	popularity.n.01
rebate.n.01	hypernyms	refund.n.01
facing.n.01	hypernyms	lining.n.01
law.n.01	in_topic_domains	antitrust_case.n.01
gammon.n.02	hypernyms	bacon.n.01
rib.n.04	hypernyms	remark.n.01
act.v.01	hyponyms	play_it_by_ear.v.01
rational.a.01	similar_tos	reasonable.s.03
raw_sienna.n.02	hypernyms	sienna.n.01
antelope_squirrel.n.01	hypernyms	ground_squirrel.n.02
fabian.a.01	pertainyms	fabianism.n.01
forgetfulness.n.01	hyponyms	senior_moment.n.01
outgeneral.v.01	hypernyms	outmaneuver.v.01
zionist.a.02	pertainyms	zionist.n.01
haste.n.02	hypernyms	motion.n.06
apoapsis.n.01	antonyms	periapsis.n.01
canthus.n.01	hyponyms	nasal_canthus.n.01
climbing_corydalis.n.01	hypernyms	vine.n.01
smile.n.01	hyponyms	simper.n.01
ambiguous.s.03	derivationally_related_forms	ambiguity.n.01
adequate.a.01	antonyms	inadequate.a.01
intense.s.03	similar_tos	saturated.a.03
bog_bilberry.n.01	hypernyms	blueberry.n.01
catafalque.n.01	hypernyms	bier.n.02
bombycilla.n.01	member_meronyms	waxwing.n.01
dicot_family.n.01	hyponyms	plumbaginaceae.n.01
arability.n.01	derivationally_related_forms	arable.s.01
narrowing.n.01	hypernyms	shape.n.01
medical_scientist.n.01	hyponyms	immunologist.n.01
permit.v.01	hyponyms	allow.v.10
crime.n.02	derivationally_related_forms	incriminate.v.01
physics.n.01	in_topic_domains	hooke's_law.n.01
welcome.a.01	antonyms	unwelcome.a.01
monetary_unit.n.01	hyponyms	south_korean_monetary_unit.n.01
planned.a.01	similar_tos	preset.s.01
mechanize.v.01	derivationally_related_forms	motor.n.01
archosaur.n.01	hyponyms	pterosaur.n.01
complex.a.01	similar_tos	multiplex.s.02
variable.a.01	similar_tos	variant.s.02
buster.n.02	hypernyms	child.n.01
change.v.02	hyponyms	saponify.v.01
solution.n.01	hyponyms	buffer_solution.n.01
desk.n.01	hyponyms	secretary.n.04
smiler.n.01	hyponyms	smirker.n.01
selflessness.n.02	derivationally_related_forms	altruistic.a.01
gratification.n.02	hyponyms	satiation.n.02
battle.n.01	part_holonyms	war.n.01
insidious.s.01	derivationally_related_forms	insidiousness.n.02
hum.n.03	derivationally_related_forms	hum.v.04
california.n.01	part_meronyms	beverly_hills.n.01
obligated.a.01	similar_tos	supposed.s.01
butt.v.02	hypernyms	strike.v.01
boltonia.n.01	hypernyms	asterid_dicot_genus.n.01
engorgement.n.01	hypernyms	hyperemia.n.01
give.v.31	hypernyms	show.v.04
empty.a.01	derivationally_related_forms	emptiness.n.01
disreputable.a.01	similar_tos	seamy.s.02
cascades.n.01	part_holonyms	northwest.n.01
biological.a.02	antonyms	adoptive.a.01
exuberate.v.01	derivationally_related_forms	ebullient.s.01
disgust.v.01	derivationally_related_forms	abhorrent.s.01
irruptive.s.01	derivationally_related_forms	batholith.n.01
brno.n.01	instance_hypernyms	city.n.01
lord.n.03	instance_hyponyms	mortimer.n.01
horned_lizard.n.01	hyponyms	texas_horned_lizard.n.01
sight.n.03	hyponyms	peripheral_vision.n.01
timer.n.01	hypernyms	timepiece.n.01
seed.n.01	hyponyms	job's_tears.n.01
prenatal_diagnosis.n.01	hyponyms	fetoscopy.n.01
united_kingdom.n.01	in_region_domains	punnet.n.01
happening.n.01	hyponyms	accident.n.02
energy.n.02	derivationally_related_forms	excite.v.07
musculus_articularis_genus.n.01	part_holonyms	knee.n.01
submerge.v.01	derivationally_related_forms	submergence.n.01
bird_genus.n.01	hyponyms	campephilus.n.01
symphytum.n.01	member_meronyms	comfrey.n.01
accident.n.01	hyponyms	injury.n.02
open.n.03	derivationally_related_forms	open.s.07
material.n.01	hyponyms	dust.n.03
trisodium_phosphate.n.01	hypernyms	builder.n.01
psalm.n.01	instance_hypernyms	sacred_text.n.01
pedipalpi.n.01	member_meronyms	mastigoproctus.n.01
pseudopod.n.01	hypernyms	process.n.05
sovereign.s.02	similar_tos	dominant.a.01
driving.n.02	in_topic_domains	pull_up_short.v.01
legal_right.n.01	hyponyms	visitation_right.n.01
arctostaphylos.n.01	member_meronyms	bearberry.n.03
happen.v.01	hyponyms	anticipate.v.06
myoid.a.01	pertainyms	muscle.n.02
inert.s.01	similar_tos	nonmoving.a.01
everlasting_pea.n.01	member_holonyms	lathyrus.n.01
animalia.n.01	member_meronyms	echinoderm_family.n.01
cost.n.01	hyponyms	distribution_cost.n.01
subdued.s.03	similar_tos	tame.a.02
forestay.n.01	hyponyms	mainstay.n.03
giving_up.n.01	derivationally_related_forms	yield.v.13
tuatha_de_danann.n.01	hypernyms	celtic_deity.n.01
unconstricted.a.01	antonyms	constricted.a.02
boxing.n.01	in_topic_domains	hook.v.07
affected.a.02	similar_tos	constrained.s.01
peabody.n.01	instance_hypernyms	educator.n.01
sturgeon.n.01	hypernyms	ganoid.n.01
read.v.01	derivationally_related_forms	read.n.01
reptile_genus.n.01	hyponyms	genus_mononychus.n.01
order.n.11	hyponyms	augustinian_order.n.01
unruliness.n.01	hyponyms	contrariness.n.01
craftsman.n.02	derivationally_related_forms	craft.n.04
jamaica.n.02	instance_hypernyms	island.n.01
divest.v.02	hyponyms	defrock.v.01
american.n.01	hyponyms	texan.n.01
guide.n.02	hypernyms	leader.n.01
banish.v.02	hyponyms	rusticate.v.02
draw.v.16	hypernyms	change.v.01
start.v.11	topic_domains	sport.n.01
luxury.n.01	hypernyms	indulgence.n.01
kepler's_law.n.01	hyponyms	kepler's_first_law.n.01
deprive.v.01	derivationally_related_forms	divestiture.n.01
wrongdoer.n.01	hyponyms	deserter.n.02
lamb_succory.n.01	member_holonyms	arnoseris.n.01
trough.n.05	hypernyms	receptacle.n.01
megalopolis.n.01	hypernyms	urban_area.n.01
heretic.n.02	hypernyms	nonconformist.n.02
store.v.02	hyponyms	bottle.v.01
epithet.n.02	hypernyms	word_picture.n.01
king.n.01	instance_hyponyms	edwin.n.01
building.n.01	hyponyms	skyscraper.n.01
composer.n.01	instance_hyponyms	milhaud.n.01
opalescence.n.01	derivationally_related_forms	opalesce.v.02
taoism.n.03	derivationally_related_forms	taoist.n.01
isaiah.n.02	part_holonyms	old_testament.n.01
impotent.a.01	similar_tos	effete.s.02
happiness.n.01	attributes	unhappy.a.01
object_program.n.01	antonyms	source_program.n.01
mortal_sin.n.01	hyponyms	gluttony.n.02
scanner.n.01	derivationally_related_forms	scan.v.06
centrifugal.s.03	similar_tos	efferent.a.01
trade.n.02	hyponyms	plumbing.n.02
campylotropous.a.01	topic_domains	plant.n.02
mustard_oil.n.01	hypernyms	oil.n.01
klein.n.01	instance_hypernyms	mathematician.n.01
macedonia.n.01	part_holonyms	balkan_peninsula.n.01
hydantoin.n.01	hyponyms	diphenylhydantoin.n.01
damson.n.01	hypernyms	plum.n.02
wash.v.03	hyponyms	stonewash.v.01
dissent.n.02	derivationally_related_forms	disagree.v.01
red_goatfish.n.01	hypernyms	goatfish.n.01
clergyman.n.01	hyponyms	cleric.n.01
popinjay.n.01	hypernyms	egotist.n.01
cypress.n.01	hyponyms	pond_cypress.n.01
differentiate.v.06	derivationally_related_forms	deviation.n.01
luteal.a.01	derivationally_related_forms	corpus_luteum.n.01
incautious.s.02	similar_tos	careless.a.01
jacket.n.05	hypernyms	shell.n.08
mite.n.02	hyponyms	rust_mite.n.01
disparagement.n.01	in_usage_domains	redskin.n.01
canada.n.01	part_meronyms	outaouais.n.01
cement.n.02	substance_holonyms	concrete.n.01
tonsure.v.01	hypernyms	shave.v.01
coronary_care_unit.n.01	hypernyms	intensive_care_unit.n.01
calopogon.n.01	member_holonyms	orchidaceae.n.01
hypospadias.n.01	hypernyms	abnormality.n.01
darlingtonia.n.01	member_meronyms	california_pitcher_plant.n.01
chocolate.n.02	hyponyms	cocoa_butter.n.02
shine.v.02	hyponyms	beat_down.v.02
crape_jasmine.n.01	member_holonyms	tabernaemontana.n.01
glacier.n.01	hyponyms	alpine_glacier.n.01
bacteriologist.n.01	instance_hyponyms	ehrlich.n.01
animal.n.01	in_topic_domains	side.n.03
comedian.n.01	instance_hyponyms	martin.n.02
titanosauridae.n.01	member_meronyms	seismosaurus.n.01
oil.v.01	derivationally_related_forms	oil.n.01
factorial.n.01	derivationally_related_forms	factorial.a.01
incubation.n.01	hypernyms	care.n.01
duck_down.n.01	hyponyms	eiderdown.n.02
half-term.n.01	hypernyms	vacation.n.01
authentication.n.02	derivationally_related_forms	certify.v.04
athenaeum.n.02	hypernyms	library.n.03
piety.n.01	hyponyms	devoutness.n.01
interrogative.a.02	antonyms	declarative.a.01
viverra.n.01	member_holonyms	viverridae.n.01
lacerta.n.01	hypernyms	reptile_genus.n.01
antagonize.v.01	hypernyms	annoy.v.01
jerk.n.02	derivationally_related_forms	jerk.v.05
name_day.n.01	hypernyms	saint's_day.n.01
australian_nettle.n.01	member_holonyms	laportea.n.01
intolerant.a.01	similar_tos	bigoted.s.01
andropogon.n.01	member_holonyms	gramineae.n.01
angle.n.01	hyponyms	inclination.n.03
president.n.04	derivationally_related_forms	moderate.v.01
same.s.04	similar_tos	unchanged.a.01
cicadellidae.n.01	hypernyms	arthropod_family.n.01
lip.n.05	hypernyms	margin.n.01
stabilized.s.01	similar_tos	stable.a.01
touch.n.05	hyponyms	catch.n.09
colloquialism.n.01	in_usage_domains	fuddy-duddy.n.01
blue_lotus.n.01	hypernyms	water_lily.n.01
review.v.01	derivationally_related_forms	follow-up.n.03
disgusting.s.01	similar_tos	offensive.a.05
astronomer.n.01	instance_hyponyms	herschel.n.02
schonberg.n.01	instance_hypernyms	composer.n.01
artilleryman.n.01	derivationally_related_forms	cannon.n.02
gathering.n.01	hyponyms	pair.n.03
dichromacy.n.01	derivationally_related_forms	dichromatic.a.01
gymnopilus.n.01	member_holonyms	cortinariaceae.n.01
stirring.s.02	similar_tos	moving.a.02
unbroken.a.05	attributes	integrity.n.01
muscle.n.02	part_holonyms	muscular_structure.n.01
facility.n.01	hyponyms	source.n.04
fort.v.01	derivationally_related_forms	fortress.n.01
philosopher.n.01	instance_hyponyms	williams.n.02
holy_day_of_obligation.n.01	hyponyms	immaculate_conception.n.01
lemon_balm.n.02	part_holonyms	lemon_balm.n.01
rhode_islander.n.01	hypernyms	american.n.01
odorous.a.01	similar_tos	ginger-scented.s.01
wish-wash.n.01	hypernyms	beverage.n.01
thoriate.v.01	hypernyms	impregnate.v.02
religious_school.n.01	hyponyms	seminary.n.02
advance.v.01	hyponyms	elapse.v.01
headlong.r.02	pertainyms	hasty.s.02
computer_science.n.01	in_topic_domains	gigo.n.01
aquatic_plant.n.01	hyponyms	eelgrass.n.01
romance.n.05	derivationally_related_forms	quixotic.s.01
uncooked.s.01	similar_tos	raw.a.03
blister.n.03	hyponyms	pustule.n.01
subpopulation.n.01	topic_domains	statistics.n.01
france.n.01	member_meronyms	frenchman.n.01
imperfectible.s.01	derivationally_related_forms	imperfectibility.n.01
sect.n.01	hyponyms	karaites.n.01
burn.v.10	hypernyms	ache.v.03
undynamic.a.01	similar_tos	stagnant.s.02
malay.a.01	derivationally_related_forms	malaysia.n.01
hylobates.n.01	hypernyms	mammal_genus.n.01
peripatidae.n.01	hypernyms	arthropod_family.n.01
national_climatic_data_center.n.01	hypernyms	agency.n.01
colonial.n.01	derivationally_related_forms	colonial.a.01
stomatitis.n.01	hyponyms	vesicular_stomatitis.n.01
asbat_al-ansar.n.01	instance_hypernyms	terrorist_organization.n.01
cushaw.n.01	part_holonyms	cucurbita.n.01
line.v.02	derivationally_related_forms	liner.n.03
exercise.v.03	hypernyms	work.v.12
marsh.n.02	instance_hypernyms	painter.n.01
black_walnut.n.01	part_meronyms	black_walnut.n.02
fit.v.02	derivationally_related_forms	fitting.n.04
toxicity.n.01	derivationally_related_forms	toxic.a.01
sun.n.03	hypernyms	important_person.n.01
monocot_genus.n.01	hyponyms	hordeum.n.01
cheese_cutter.n.01	part_meronyms	handle.n.01
tunicate.n.01	hyponyms	appendicularia.n.01
intensifier.n.01	hypernyms	modifier.n.01
strike_out.v.02	hyponyms	whiff.v.03
farming.n.01	hyponyms	strip_cropping.n.01
open.a.05	similar_tos	yawning.s.02
pusillanimity.n.01	hypernyms	fearfulness.n.02
pyrophorus.n.01	member_meronyms	firefly.n.01
succinic_acid.n.01	hypernyms	carboxylic_acid.n.01
wild_medlar.n.01	hypernyms	tree.n.01
hysterocatalepsy.n.01	hypernyms	hysteria.n.03
latinize.v.02	hypernyms	translate.v.01
hazel-brown.s.01	similar_tos	chromatic.a.03
legislative_branch.n.01	part_meronyms	united_states_government_printing_office.n.01
seaborne.s.01	similar_tos	mobile.a.02
deal.v.06	derivationally_related_forms	trade.n.01
traditionalistic.s.01	derivationally_related_forms	traditionalism.n.02
privacy.n.02	derivationally_related_forms	private.s.02
incontinent.a.01	similar_tos	leaky.s.02
act_involuntarily.v.01	hyponyms	salivate.v.01
traveler.n.01	hyponyms	follower.n.02
tubule.n.01	hyponyms	nephron.n.01
lemongrass.n.02	hypernyms	grass.n.01
portsmouth.n.02	instance_hypernyms	port.n.01
deathrate.n.01	hyponyms	infant_deathrate.n.01
condition.n.01	hyponyms	dryness.n.01
river.n.01	instance_hyponyms	neva.n.01
berry.n.01	hyponyms	acerola.n.02
lunatic.n.01	hyponyms	pyromaniac.n.01
humanistic_discipline.n.01	hypernyms	discipline.n.01
ming_tree.n.01	hypernyms	bonsai.n.01
porch.n.01	hyponyms	front_porch.n.01
northernness.n.01	derivationally_related_forms	northerly.s.02
genus_sedum.n.01	member_meronyms	orpine.n.01
pipe.n.02	hyponyms	main.n.02
miami.n.02	instance_hypernyms	city.n.01
mine.n.02	hypernyms	explosive_device.n.01
trustworthy.a.01	derivationally_related_forms	faith.n.02
triostium.n.01	member_meronyms	feverroot.n.01
force.n.01	hyponyms	pressure.n.02
biology.n.01	in_topic_domains	polymorphic.a.02
coroner.n.01	hypernyms	investigator.n.02
mining.n.01	in_topic_domains	drive.v.19
dualistic.a.01	derivationally_related_forms	dualism.n.01
thunnus.n.01	member_meronyms	tuna.n.03
caffeine_addict.n.01	hypernyms	addict.n.02
fugitive.n.01	derivationally_related_forms	flee.v.01
bird_genus.n.01	hyponyms	perisoreus.n.01
bibless.a.01	antonyms	bibbed.a.01
function.v.01	derivationally_related_forms	operation.n.08
unwieldiness.n.01	hypernyms	troublesomeness.n.01
curiousness.n.01	hyponyms	nosiness.n.01
painter.n.01	instance_hyponyms	goya.n.01
aponeurosis.n.01	derivationally_related_forms	aponeurotic.a.01
sponsor.v.01	derivationally_related_forms	presenter.n.02
hydrography.n.01	hypernyms	oceanography.n.01
appearance.n.04	hyponyms	illusion.n.01
expendable.a.01	antonyms	unexpendable.a.01
hand_tool.n.01	hyponyms	screwdriver.n.01
cabbage.n.01	hyponyms	head_cabbage.n.02
modify.v.01	hyponyms	update.v.01
incorrectness.n.01	antonyms	correctness.n.02
handicap.n.02	derivationally_related_forms	handicap.v.02
hawaiian.a.01	derivationally_related_forms	hawaiian.n.01
qualify.v.06	derivationally_related_forms	quality.n.03
visible.s.02	similar_tos	overt.a.01
composite.n.02	hyponyms	everlasting.n.01
explode.v.02	derivationally_related_forms	charge.n.15
cross-reference.n.01	hypernyms	citation.n.03
radiigera_fuscogleba.n.01	member_holonyms	radiigera.n.01
propionic_acid.n.01	substance_holonyms	fenoprofen.n.01
vinegar_eel.n.01	member_holonyms	anguillula.n.01
round-bottom_flask.n.01	hypernyms	flask.n.01
knock.v.02	hypernyms	rap.v.01
texas_chachalaca.n.01	member_holonyms	ortalis.n.01
time_of_life.n.01	hyponyms	nineties.n.03
set-to.n.01	hypernyms	fight.n.02
baggage_car.n.01	hypernyms	car.n.02
flagellate.n.01	hyponyms	hypermastigote.n.01
professional_golf.n.01	hypernyms	sport.n.02
fowler.n.01	instance_hypernyms	lexicographer.n.01
elm.n.01	hyponyms	cedar_elm.n.01
austronesia.n.01	part_holonyms	pacific.n.01
regent.s.01	derivationally_related_forms	regent.n.02
request.v.01	verb_groups	invite.v.07
collective.n.01	derivationally_related_forms	collectivize.v.01
supersedure.n.01	derivationally_related_forms	supplant.v.01
malice.n.01	derivationally_related_forms	malicious.a.01
irritation.n.03	hypernyms	abnormality.n.01
gambian.n.01	hypernyms	african.n.01
floor.n.01	hyponyms	bell_deck.n.01
certificate.v.01	hypernyms	award.v.01
russian_roulette.n.01	hypernyms	stunt.n.01
responsive.a.02	derivationally_related_forms	react.v.01
constellation.n.02	instance_hyponyms	great_bear.n.01
anisometropia.n.01	derivationally_related_forms	anisometropic.a.01
brachiopod.n.01	member_holonyms	brachiopoda.n.01
car.n.01	hyponyms	model_t.n.01
shirty.s.01	region_domains	united_kingdom.n.01
territoriality.n.01	hypernyms	behavior.n.04
repletion.n.02	hypernyms	eating.n.01
articulator.n.01	hypernyms	communicator.n.01
refer.v.04	hyponyms	recommit.v.03
phone.n.02	hyponyms	orinasal_phone.n.01
sarcochilus.n.01	member_holonyms	orchidaceae.n.01
sound.n.01	hyponyms	voice.n.01
decrease.n.04	hyponyms	cut.n.19
cicer.n.01	hypernyms	rosid_dicot_genus.n.01
person.n.01	hyponyms	apprehender.n.02
nymphalidae.n.01	member_meronyms	limenitis.n.01
unfairness.n.01	hypernyms	partiality.n.02
passionflower.n.01	hyponyms	sweet_calabash.n.01
dilemma.n.01	hyponyms	double_bind.n.01
revelation.n.03	derivationally_related_forms	reveal.v.03
collegian.n.01	hypernyms	student.n.01
alpha_and_omega.n.01	hypernyms	eternity.n.01
nigerian.a.02	pertainyms	nigerian.n.01
capricious.s.02	derivationally_related_forms	caprice.n.01
stephanion.n.01	part_holonyms	cranium.n.01
understudy.n.01	hypernyms	actor.n.01
concave_shape.n.01	hyponyms	bowl.n.02
breakaway.n.01	derivationally_related_forms	secede.v.01
extroversive.a.01	antonyms	introversive.a.01
unactable.a.01	antonyms	actable.a.01
land.n.04	hyponyms	oxbow.n.01
trenton.n.01	instance_hypernyms	state_capital.n.01
support.n.10	hyponyms	headstock.n.01
resolute.a.01	similar_tos	undaunted.s.01
mammal_genus.n.01	hyponyms	canis.n.01
medicine.n.02	hyponyms	fixed-combination_drug.n.01
teardrop.n.01	hypernyms	drop.n.01
dispute.n.01	derivationally_related_forms	challenge.v.01
populate.v.01	derivationally_related_forms	inhabitancy.n.01
shingon.n.01	region_domains	japan.n.02
fusilier.n.01	hypernyms	infantryman.n.01
enigma_canon.n.01	hypernyms	canon.n.04
class.n.07	hyponyms	chondrichthyes.n.01
chytridiales.n.01	member_holonyms	chytridiomycetes.n.01
pickpocket.n.01	hypernyms	thief.n.01
metaphase.n.02	hypernyms	phase_of_cell_division.n.01
school_year.n.01	part_meronyms	semester.n.01
topknot.n.02	hypernyms	crest.n.05
sparkle.n.01	derivationally_related_forms	beamish.s.01
mass.n.01	hyponyms	gravitational_mass.n.01
drowsy.s.01	derivationally_related_forms	doze.n.01
alsatian.n.01	derivationally_related_forms	alsatian.a.01
limber.s.03	similar_tos	flexible.a.02
therapy.n.01	hypernyms	medical_care.n.01
cardamom.n.02	part_holonyms	cardamom.n.01
yard.n.08	part_holonyms	sailing_vessel.n.01
actinic.a.01	pertainyms	actinism.n.01
rosid_dicot_genus.n.01	hyponyms	chorizema.n.01
three-piece_suit.n.01	hypernyms	business_suit.n.01
psychology.n.01	in_topic_domains	generalization.n.04
legal_code.n.01	hyponyms	salic_law.n.01
suffer.v.05	hypernyms	worsen.v.01
coryphaena_hippurus.n.01	hypernyms	dolphinfish.n.02
long_bone.n.01	hyponyms	arm_bone.n.01
mexican_spanish.n.01	hypernyms	spanish.n.01
sand_dropseed.n.01	hypernyms	dropseed.n.01
smut.n.03	hyponyms	bunt.n.04
support.v.09	topic_domains	dramaturgy.n.01
emotionality.n.01	hyponyms	temperament.n.02
conjectural.s.01	derivationally_related_forms	assumption.n.02
stand.n.09	hypernyms	stop.n.03
sandalwood.n.01	substance_holonyms	sandalwood_tree.n.01
minimalist.n.01	hypernyms	conservative.n.01
suggester.n.01	hypernyms	originator.n.01
drepanididae.n.01	member_meronyms	drepanis.n.01
hirohito.n.01	instance_hypernyms	emperor.n.01
fattened.s.01	similar_tos	finished.a.01
unselfish.a.01	also_sees	altruistic.a.01
half_pound.n.01	hypernyms	avoirdupois_unit.n.01
injectable.a.01	topic_domains	drug.n.01
sea_catfish.n.01	hyponyms	crucifix_fish.n.01
west.n.03	in_region_domains	butte.n.01
concave.a.01	similar_tos	cupular.s.01
rub.n.02	derivationally_related_forms	wipe.v.01
intoxicate.v.03	derivationally_related_forms	drunkenness.n.01
seclusion.n.02	derivationally_related_forms	seclude.v.01
pathology.n.02	hyponyms	angiopathy.n.01
upholstery_material.n.01	hypernyms	fabric.n.01
sector.n.02	hypernyms	social_group.n.01
siberia.n.01	part_meronyms	sayan_mountains.n.01
dictyoptera.n.01	member_meronyms	dictyopterous_insect.n.01
pangaea.n.01	instance_hypernyms	continent.n.01
divisible.a.01	derivationally_related_forms	separate.v.07
saddle_oxford.n.01	hypernyms	oxford.n.04
commerce.n.01	in_topic_domains	clear.v.16
warning.n.01	hyponyms	heads-up.n.01
cantaloup.n.02	part_holonyms	cantaloupe.n.01
sheep.n.01	hyponyms	ewe.n.03
trail.n.01	hyponyms	spoor.n.01
hit.v.01	hyponyms	connect.v.11
spontaneity.n.01	hypernyms	naturalness.n.01
pyrophorus.n.01	member_holonyms	elateridae.n.01
search_engine.n.01	instance_hyponyms	ask_jeeves.n.01
peripheral.a.01	similar_tos	encircling.s.01
crow-sized.s.01	similar_tos	sized.a.01
ferdinand_i.n.02	instance_hypernyms	king.n.01
tantalizer.n.01	hypernyms	tormentor.n.01
tinea.n.01	hyponyms	tinea_barbae.n.01
columbus.n.02	instance_hypernyms	navigator.n.03
gadolinite.n.01	substance_meronyms	yttrium.n.01
staggerer.n.01	hypernyms	pedestrian.n.01
instantiate.v.02	derivationally_related_forms	instantiation.n.01
spiritualize.v.01	hypernyms	interpret.v.01
no.a.01	similar_tos	zero.s.02
barometer.n.01	hyponyms	weatherglass.n.01
labor.n.01	hyponyms	labor_force.n.01
aram.n.01	instance_hypernyms	syria.n.01
sergeant.n.01	hyponyms	sergeant_major.n.01
hodeida.n.01	part_holonyms	yemen.n.01
cross_street.n.01	hypernyms	street.n.01
shoshone.n.01	hypernyms	amerindian.n.01
merckx.n.01	instance_hypernyms	cyclist.n.01
muchness.n.01	usage_domains	archaism.n.01
riel.n.01	hypernyms	cambodian_monetary_unit.n.01
volvocaceae.n.01	member_holonyms	volvocales.n.01
obviate.v.01	antonyms	necessitate.v.01
coral_tree.n.01	hyponyms	indian_coral_tree.n.01
musical_composition.n.01	hyponyms	pastorale.n.01
gratifyingly.r.01	pertainyms	enjoyable.s.01
explosion.n.01	hyponyms	blast.n.04
songwriter.n.01	derivationally_related_forms	song.n.01
government.n.02	derivationally_related_forms	govern.v.03
church_service.n.01	in_topic_domains	crypt.n.01
couchant.s.01	similar_tos	unerect.a.01
british_cabinet.n.01	member_meronyms	treasury.n.04
scud.n.01	hypernyms	speed.n.03
chromatic.a.03	similar_tos	yellow.s.01
sommelier.n.01	hypernyms	waiter.n.01
close.a.01	similar_tos	hand-to-hand.s.01
new.s.09	similar_tos	early.a.02
proxima.n.01	member_holonyms	centaurus.n.01
rubiales.n.01	member_meronyms	caprifoliaceae.n.01
trope.n.01	in_usage_domains	goldbrick.n.04
liliaceae.n.01	member_meronyms	asparagaceae.n.01
monopoly.n.02	derivationally_related_forms	monopolize.v.02
greek_alphabet.n.01	member_meronyms	nu.n.01
perform.v.01	derivationally_related_forms	actor.n.02
hemoglobin.n.01	substance_meronyms	globin.n.01
corner.n.04	derivationally_related_forms	corner.v.03
bale.n.01	derivationally_related_forms	bale.v.01
cry.v.04	hypernyms	announce.v.01
musical_notation.n.01	part_meronyms	ledger_line.n.01
rope.n.01	hyponyms	cordage.n.02
portugal.n.01	part_meronyms	lisbon.n.01
tuck.n.03	hypernyms	pleat.n.01
parturition.n.01	part_holonyms	reproduction.n.01
neptune.n.01	instance_hypernyms	roman_deity.n.01
crucial.a.01	also_sees	critical.a.06
antibiotic.n.01	hyponyms	ciprofloxacin.n.01
dilleniid_dicot_genus.n.01	hyponyms	napaea.n.01
give_voice.v.01	hypernyms	express.v.01
gauge.n.01	hypernyms	measuring_instrument.n.01
interfere.v.01	hypernyms	impede.v.01
etiology.n.01	hypernyms	cause.n.01
cumbria.n.02	part_holonyms	england.n.01
classic_hemochromatosis.n.01	hypernyms	hemochromatosis.n.01
scarab.n.01	member_holonyms	genus_scarabaeus.n.01
greece.n.01	in_region_domains	pantheon.n.03
digest.v.03	verb_groups	suffer.v.03
shape.n.02	hyponyms	plume.n.01
pour.v.01	hyponyms	dribble.v.02
saint.n.01	instance_hyponyms	simon.n.01
conflict.n.04	hypernyms	state.n.02
polemonium.n.01	hyponyms	jacob's_ladder.n.01
split_run.n.01	hypernyms	print_run.n.01
divine.v.01	derivationally_related_forms	divinatory.s.01
small_indefinite_quantity.n.01	hyponyms	spot.n.10
quira.n.02	member_holonyms	platymiscium.n.01
burglary.n.01	hypernyms	felony.n.01
carangidae.n.01	member_meronyms	trachurus.n.01
frenzied.s.01	derivationally_related_forms	mania.n.02
columbidae.n.01	member_meronyms	ectopistes.n.01
calidris.n.01	member_meronyms	knot.n.07
gastropod.n.01	hyponyms	river_limpet.n.01
bone.n.02	hypernyms	animal_material.n.01
hercules.n.01	topic_domains	classical_mythology.n.01
drill.n.04	topic_domains	military.n.01
worm.n.04	hypernyms	screw.n.04
mausoleum.n.01	instance_hyponyms	taj_mahal.n.01
set.n.01	hypernyms	collection.n.01
city.n.01	part_meronyms	concrete_jungle.n.01
champion.n.02	derivationally_related_forms	crusade.v.01
danger.n.01	hypernyms	condition.n.01
salient_angle.n.01	antonyms	reentrant_angle.n.01
sprint.v.01	derivationally_related_forms	sprinter.n.01
femoral_artery.n.01	part_holonyms	thigh.n.01
machine_gun.n.01	hyponyms	gatling_gun.n.01
treasury.n.01	hyponyms	subtreasury.n.01
united_states_border_patrol.n.01	hypernyms	agency.n.01
fetal_membrane.n.01	part_meronyms	chorion.n.01
genus_delphinium.n.01	member_meronyms	delphinium.n.01
rose.n.01	part_meronyms	hip.n.05
european.n.01	hyponyms	czech.n.01
comfort.v.01	derivationally_related_forms	comforting.s.02
antiquarian.a.01	derivationally_related_forms	antiquary.n.01
soft.a.01	similar_tos	velvet.s.02
chinookan.n.01	hypernyms	penutian.n.01
paint.n.01	hyponyms	finger_paint.n.01
unwonted.s.01	similar_tos	uncommon.a.01
arthropod_genus.n.01	hyponyms	pseudococcus.n.01
malthusian.n.01	hypernyms	believer.n.01
ineligible.a.01	similar_tos	unentitled.s.01
pavage.n.01	hypernyms	tax.n.01
badger.n.02	hyponyms	hog_badger.n.01
hollow.a.01	attributes	solidity.n.02
radome.n.01	part_holonyms	airplane.n.01
profaneness.n.02	derivationally_related_forms	unsanctify.v.01
maoist.a.01	pertainyms	maoism.n.01
pseudoephedrine.n.01	hypernyms	alkaloid.n.01
party.n.01	hyponyms	progressive_party.n.01
liverwort.n.01	hyponyms	hepatica.n.02
dicot_genus.n.01	hyponyms	centaurium.n.01
drive.v.17	derivationally_related_forms	driver.n.03
ski.v.01	derivationally_related_forms	skier.n.01
diplomatic_pouch.n.01	hypernyms	mailbag.n.01
intruder.n.01	derivationally_related_forms	trespass.v.01
caste.n.03	hypernyms	class.n.03
class.n.07	hyponyms	oligochaeta.n.01
chinese.n.02	member_holonyms	taiwan.n.01
holly.n.01	hyponyms	geogia_holly.n.01
plant_genus.n.01	hyponyms	genus_fothergilla.n.01
analytic.a.01	derivationally_related_forms	analysis.n.05
elegant.a.01	also_sees	graceful.a.01
arthropod_family.n.01	hyponyms	raphidiidae.n.01
letter.n.02	hyponyms	theta.n.01
climb.v.01	hyponyms	escalade.v.01
distill.v.03	topic_domains	chemistry.n.01
misconstruction.n.02	antonyms	construction.n.02
german.n.01	hyponyms	east_german.n.01
easy_money.n.02	hypernyms	financial_condition.n.01
